"","Site","Oi_sum","Oe_sum","Oa_sum","E_sum","Bhs_sum","Bs_sum","BC_sum","C_sum","Bhb_sum","B_sum","R_sum","Bs1_sum","Bs2_sum","Bhs1_sum","Bhs2_sum","Bh_sum","BC?_sum","E1_sum","E2_sum","A_sum","Eb_sum","BCb'_sum","Eb'_sum","Bsb_sum","BCb''_sum","BC'1_sum","BC'2_sum","BC'3_sum","E/Bg_sum","Bh?_sum","E/Bhs1_sum","Oa1_sum","Oa2_sum","C1_sum","C2_sum","E/Bhs_sum","Bh1_sum","Bh2_sum","E/B_sum","B?_sum","O_sum","HPU","Bottom_Interface","Total_Depth","allO_thickness","allE_thickness","allBhs_thickness","allBs_thickness","allBh_thickness","allBg_thickness","allBw_thickness","allBC_thickness","allC_thickness","Sub","Site2","x","y","geometry"
"1","42R10C4",0,0,0,0,0,0,0,0,0,0,0,0,0,0,0,0,0,0,0,0,0,0,0,0,0,0,0,0,0,0,0,0,0,0,0,0,0,0,0,0,6,NA,"C","6",6,0,0,0,0,0,0,0,0,42,"R10C4",281630.588,4871223.744,c(281630.588, 4871223.744)
"2","42R10C5",0,0,0,0,0,0,0,0,0,0,0,0,0,0,0,0,0,0,0,0,0,0,0,0,0,0,0,0,0,0,0,0,0,0,0,0,0,0,0,0,12,NA,"C","12",12,0,0,0,0,0,0,0,0,42,"R10C5",281635.509,4871225.066,c(281635.509, 4871225.066)
"3","42R10C6",0,0,0,0,0,0,0,0,0,0,0,0,0,0,0,0,0,0,0,0,0,0,0,0,0,0,0,0,0,0,0,0,0,0,0,0,0,0,0,0,1,NA,"C","1",1,0,0,0,0,0,0,0,0,42,"R10C6",281637.547,4871229.987,c(281637.547, 4871229.987)
"4","42R10C7",0,0,0,0,0,0,0,0,0,0,0,0,0,0,0,0,0,0,0,0,0,0,0,0,0,0,0,0,0,0,0,0,0,0,0,0,0,0,0,0,1,NA,"C","1",1,0,0,0,0,0,0,0,0,42,"R10C7",281641.207,4871230.469,c(281641.207, 4871230.469)
"5","42R10C8",0,0,0,0,0,0,0,0,0,0,0,0,0,0,0,0,0,0,0,0,0,0,0,0,0,0,0,0,0,0,0,0,0,0,0,0,0,0,0,0,2,NA,"C","2",2,0,0,0,0,0,0,0,0,42,"R10C8",281645.506,4871232.675,c(281645.506, 4871232.675)
"6","42R11C4",0,0,0,3,31,0,0,0,0,0,0,0,0,0,0,0,0,0,0,0,0,0,0,0,0,0,0,0,0,0,0,0,0,0,0,0,0,0,0,0,9,NA,"R","43",9,3,31,0,0,0,0,0,0,42,"R11C4",281630.588,4871218.744,c(281630.588, 4871218.744)
"7","42R11C5",0,0,0,0,0,0,0,0,0,0,0,0,0,0,0,0,0,0,0,0,0,0,0,0,0,0,0,0,0,0,0,0,0,0,0,0,0,0,0,0,0,NA,"C","43",0,0,0,0,0,0,0,0,0,42,"R11C5",281636.808,4871216.982,c(281636.808, 4871216.982)
"8","42R11C6",0,0,0,0,0,0,0,0,0,0,0,0,0,0,0,0,0,0,0,0,0,0,0,0,0,0,0,0,0,0,0,0,0,0,0,0,0,0,0,0,3,NA,"C","3",3,0,0,0,0,0,0,0,0,42,"R11C6",281639.794,4871220.503,c(281639.794, 4871220.503)
"9","42R11C7",0,0,0,0,0,0,0,0,0,0,0,0,0,0,0,0,0,0,0,0,0,0,0,0,0,0,0,0,0,0,0,0,0,0,0,0,0,0,0,0,0,NA,"C","0",0,0,0,0,0,0,0,0,0,42,"R11C7",281644.283,4871221.899,c(281644.283, 4871221.899)
"10","42R11C8",0,0,0,0,0,0,0,0,0,0,0,0,0,0,0,0,0,0,0,0,0,0,0,0,0,0,0,0,0,0,0,0,0,0,0,0,0,0,0,0,9,NA,"C","9",9,0,0,0,0,0,0,0,0,42,"R11C8",281648.994,4871224.139,c(281648.994, 4871224.139)
"11","42R12C10",0,0,0,4,15,0,0,18,0,0,0,0,0,0,0,29,0,0,0,0,0,0,0,0,0,0,0,0,0,0,0,0,0,0,0,0,0,0,0,0,3,NA,"Bhs","69",3,4,15,0,29,0,0,0,0,42,"R12C10",281662.474,4871216.325,c(281662.474, 4871216.325)
"12","42R12C5",0,0,0,0,18,0,25,0,0,0,0,0,0,0,0,0,0,0,0,0,0,0,0,0,0,0,0,0,0,0,0,0,0,0,0,0,0,0,0,0,5,NA,"Bh","48",5,0,18,0,0,0,0,25,0,42,"R12C5",281638.108,4871208.898,c(281638.108, 4871208.898)
"13","42R12C6",0,0,0,0,38,0,0,12,0,0,0,0,0,0,0,0,0,0,0,0,0,0,0,0,0,0,0,0,0,0,0,0,0,0,0,0,0,0,0,0,4,NA,"Bh","54",4,0,38,0,0,0,0,0,0,42,"R12C6",281642.041,4871211.019,c(281642.041000001, 4871211.019)
"14","42R12C7",0,0,0,0,0,0,21,0,0,0,0,0,0,0,0,15,0,0,0,0,0,0,0,0,0,0,0,0,0,0,0,0,0,0,0,0,0,0,0,0,3,NA,"Bhs","39",3,0,0,0,15,0,0,21,0,42,"R12C7",281647.36,4871213.329,c(281647.36, 4871213.329)
"15","42R12C8",0,0,0,6,12,0,9,0,0,0,0,0,0,0,0,0,0,0,0,0,0,0,0,0,0,0,0,0,0,0,0,0,0,0,0,0,0,0,0,0,3,NA,"Bhs","30",3,6,12,0,0,0,0,9,0,42,"R12C8",281652.481,4871215.603,c(281652.481, 4871215.603)
"16","42R12C9",0,0,0,0,8,0,6,24,0,0,0,0,0,0,0,0,0,0,0,0,0,0,0,0,0,0,0,0,0,0,0,0,0,0,0,0,0,0,0,0,3,NA,"C","41",3,0,8,0,0,0,0,6,0,42,"R12C9",281656.963,4871215.345,c(281656.963, 4871215.345)
"17","42R13C10",0,0,0,3,9,0,0,0,0,0,0,0,0,0,0,0,0,0,0,0,0,0,0,0,0,0,0,0,0,0,0,0,0,0,0,0,0,0,0,0,10,NA,"R","22",10,3,9,0,0,0,0,0,0,42,"R13C10",281653.844,4871210.581,c(281653.844000001, 4871210.581)
"18","42R13C5",0,0,0,0,15,0,0,0,0,0,0,0,0,0,0,48,0,0,0,0,0,0,0,0,0,0,0,0,0,0,0,0,0,0,0,0,0,0,0,0,9,NA,"C","72",9,0,15,0,48,0,0,0,0,42,"R13C5",281629.618,4871212.261,c(281629.618, 4871212.261)
"19","42R13C6",0,0,0,3,28,0,0,0,0,0,0,0,0,0,0,0,0,0,0,0,0,0,0,0,0,0,0,0,0,0,0,0,0,0,0,0,0,0,0,0,6,NA,"C","37",6,3,28,0,0,0,0,0,0,42,"R13C6",281634.618,4871212.261,c(281634.618, 4871212.261)
"20","42R13C7",0,0,0,9,22,0,0,0,0,0,0,0,0,0,0,0,0,0,0,0,0,0,0,0,0,0,0,0,0,0,0,0,0,0,0,0,0,0,0,0,6,NA,"R","37",6,9,22,0,0,0,0,0,0,42,"R13C7",281638.973,4871211.347,c(281638.973, 4871211.347)
"21","42R13C8",0,0,0,0,32,0,0,5,0,0,0,0,0,0,0,12,0,0,0,0,0,0,0,0,0,0,0,0,0,0,0,0,0,0,0,0,0,0,0,0,7,NA,"R","56",7,0,32,0,12,0,0,0,0,42,"R13C8",281643.685,4871211.353,c(281643.685000001, 4871211.353)
"22","42R13C9",0,0,0,2,13,0,0,6,0,0,0,0,0,0,0,0,0,0,0,0,0,0,0,0,0,0,0,0,0,0,0,0,0,0,0,0,0,0,0,0,10,NA,"R","31",10,2,13,0,0,0,0,0,0,42,"R13C9",281648.844,4871210.581,c(281648.844, 4871210.581)
"23","42R14C10",0,0,0,0,13,0,16,0,0,0,0,0,0,0,0,0,0,0,0,0,0,0,0,0,0,0,0,0,0,0,0,0,0,0,0,0,0,0,0,0,6,NA,"C","35",6,0,13,0,0,0,0,16,0,42,"R14C10",281653.68,4871205.559,c(281653.680000001, 4871205.559)
"24","42R14C11",0,0,0,0,15,0,0,23,0,0,0,0,0,0,0,22,0,0,0,0,0,0,0,0,0,0,0,0,0,0,0,0,0,0,0,0,0,0,0,0,8,NA,"R","68",8,0,15,0,22,0,0,0,0,42,"R14C11",281658.726,4871205.513,c(281658.726, 4871205.513)
"25","42R14C5",0,0,0,0,8,0,0,8,0,0,0,0,0,0,0,54,0,0,0,0,0,0,0,0,0,0,0,0,0,0,0,0,0,0,0,0,0,0,0,0,7,NA,"R","77",7,0,8,0,54,0,0,0,0,42,"R14C5",281629.16,4871205.607,c(281629.16, 4871205.607)
"26","42R14C6",0,0,0,0,10,0,0,8,0,0,0,0,0,0,0,18,0,0,0,0,0,0,0,0,0,0,0,0,0,0,0,0,0,0,0,0,0,0,0,0,7,NA,"R","43",7,0,10,0,18,0,0,0,0,42,"R14C6",281634.145,4871205.702,c(281634.145, 4871205.702)
"27","42R14C7",0,0,0,0,6,0,9,0,0,0,0,0,0,0,0,35,0,0,0,0,0,0,0,0,0,0,0,0,0,0,0,0,0,0,0,0,0,0,0,0,8,NA,"BC","58",8,0,6,0,35,0,0,9,0,42,"R14C7",281638.663,4871205.028,c(281638.663, 4871205.028)
"28","42R14C8",0,0,0,0,27,0,18,0,0,0,0,0,0,0,0,32,0,0,0,0,0,0,0,0,0,0,0,0,0,0,0,0,0,0,0,0,0,0,0,0,8,NA,"R","85",8,0,27,0,32,0,0,18,0,42,"R14C8",281644.063,4871205.459,c(281644.063, 4871205.459)
"29","42R14C9",0,0,0,0,27,0,0,0,0,0,0,0,0,0,0,16,0,0,0,0,0,0,0,0,0,0,0,0,0,0,0,0,0,0,0,0,0,0,0,0,10,NA,"Bh","53",10,0,27,0,16,0,0,0,0,42,"R14C9",281648.721,4871205.622,c(281648.721, 4871205.622)
"30","42R15C10",0,0,0,0,28,0,0,0,0,0,0,0,0,0,0,0,0,0,0,0,0,0,0,0,0,0,0,0,0,0,0,0,0,0,0,0,0,0,0,0,5,NA,"R","33",5,0,28,0,0,0,0,0,0,42,"R15C10",281645.456,4871198.671,c(281645.456, 4871198.671)
"31","42R15C11",0,0,0,0,18,0,0,0,0,0,0,0,0,0,0,0,0,0,0,0,0,0,0,0,0,0,0,0,0,0,0,0,0,0,0,0,0,0,0,0,6,NA,"R","24",6,0,18,0,0,0,0,0,0,42,"R15C11",281651.688,4871200.714,c(281651.688000001, 4871200.714)
"32","42R15C12",0,0,0,0,21,0,0,24,0,0,0,0,0,0,0,0,0,0,0,0,0,0,0,0,0,0,0,0,0,0,0,0,0,0,0,0,0,0,0,0,6,NA,"R","51",6,0,21,0,0,0,0,0,0,42,"R15C12",281657.475,4871200.929,c(281657.475, 4871200.929)
"33","42R15C6",0,0,0,0,9,0,0,15,0,0,0,0,0,0,0,0,0,0,0,0,0,0,0,0,0,0,0,0,0,0,0,0,0,0,0,0,0,0,0,0,6,NA,"R","30",6,0,9,0,0,0,0,0,0,42,"R15C6",281629.442,4871204.018,c(281629.442, 4871204.018)
"34","42R15C7",0,0,0,0,20,0,0,0,0,0,0,0,0,0,0,0,0,0,0,0,0,0,0,0,0,0,0,0,0,0,0,0,0,0,0,0,0,0,0,0,4,NA,"R","24",4,0,20,0,0,0,0,0,0,42,"R15C7",281633.662,4871200.794,c(281633.662, 4871200.794)
"35","42R15C8",0,0,0,21,0,0,0,30,0,0,0,0,0,0,0,0,0,0,0,0,0,0,0,0,0,0,0,0,0,0,0,0,0,0,0,0,0,0,0,0,3,NA,"R","54",3,21,0,0,0,0,0,0,0,42,"R15C8",281638.377,4871198.567,c(281638.377, 4871198.567)
"36","42R15C9",0,0,0,0,15,0,0,0,0,0,0,0,0,0,0,0,0,0,0,0,0,0,0,0,0,0,0,0,0,0,0,0,0,0,0,0,0,0,0,0,15,NA,"R","30",15,0,15,0,0,0,0,0,0,42,"R15C9",281643.377,4871201.186,c(281643.377, 4871201.186)
"37","42R16C10",0,0,0,0,12,0,14,0,0,0,0,0,0,0,0,28,0,0,0,0,0,0,0,0,0,0,0,0,0,0,0,0,0,0,0,0,0,0,0,0,10,NA,"R","64",10,0,12,0,28,0,0,14,0,42,"R16C10",281644.886,4871194.792,c(281644.886, 4871194.792)
"38","42R16C11",0,0,0,0,15,0,0,0,0,0,0,0,0,0,0,15,0,0,0,0,0,0,0,0,0,0,0,0,0,0,0,0,0,0,0,0,0,0,0,0,9,NA,"O","39",9,0,15,0,15,0,0,0,0,42,"R16C11",281648.954,4871196.472,c(281648.954, 4871196.472)
"39","42R16C12",0,0,0,3,37,0,0,9,0,0,0,0,0,0,0,0,0,0,0,0,0,0,0,0,0,0,0,0,0,0,0,0,0,0,0,0,0,0,0,0,10,NA,"R","59",10,3,37,0,0,0,0,0,0,42,"R16C12",281655.644,4871196.041,c(281655.644, 4871196.041)
"40","42R16C13",0,0,0,0,3,0,0,0,0,0,0,0,0,0,0,30,0,0,0,0,0,0,0,0,0,0,0,0,0,0,0,0,0,0,0,0,0,0,0,0,9,NA,"R","42",9,0,3,0,30,0,0,0,0,42,"R16C13",281660.667,4871195.989,c(281660.667, 4871195.989)
"41","42R16C6",0,0,0,0,0,0,0,0,0,0,0,0,0,0,0,29,0,0,0,0,0,0,0,0,0,0,0,0,0,0,0,0,0,0,0,0,0,0,0,0,12,NA,"R","41",12,0,0,0,29,0,0,0,0,42,"R16C6",281626.249,4871200.385,c(281626.249, 4871200.385)
"42","42R16C7",0,0,0,0,10,0,0,0,0,0,0,0,0,0,0,30,0,0,0,4,0,0,0,0,0,0,0,0,0,0,0,0,0,0,0,0,0,0,0,0,7,NA,"R","51",7,0,10,0,30,0,0,0,0,42,"R16C7",281629.966,4871196.727,c(281629.966, 4871196.727)
"43","42R16C8",0,0,0,0,21,0,0,5,0,0,0,0,0,0,0,11,0,0,0,0,0,0,0,0,0,0,0,0,0,0,0,0,0,0,0,0,0,0,0,0,11,NA,"R","48",11,0,21,0,11,0,0,0,0,42,"R16C8",281635.645,4871195.314,c(281635.645, 4871195.314)
"44","42R16C9",0,0,0,1,4,0,0,3,0,0,0,0,0,0,0,40,0,0,0,0,0,0,0,0,0,0,0,0,0,0,0,0,0,0,0,0,0,0,0,0,9,NA,"R","57",9,1,4,0,40,0,0,0,0,42,"R16C9",281640.48,4871195.898,c(281640.48, 4871195.898)
"45","42R17C10",0,0,0,0,0,0,0,0,0,0,0,0,0,0,0,0,0,0,0,0,0,0,0,0,0,0,0,0,0,0,0,0,0,0,0,0,0,0,0,0,8,NA,"R","8",8,0,0,0,0,0,0,0,0,42,"R17C10",281644.317,4871190.914,c(281644.317, 4871190.914)
"46","42R17C11",0,0,0,0,0,0,0,0,0,0,0,0,0,0,0,0,0,0,0,0,0,0,0,0,0,0,0,0,0,0,0,0,0,0,0,0,0,0,0,0,12,NA,"R","12",12,0,0,0,0,0,0,0,0,42,"R17C11",281646.22,4871192.229,c(281646.22, 4871192.229)
"47","42R17C12",0,0,0,0,0,0,0,18,0,0,0,0,0,0,0,16,0,0,0,0,0,0,0,0,0,0,0,0,0,0,0,0,0,0,0,0,0,0,0,0,18,NA,"R","52",18,0,0,0,16,0,0,0,0,42,"R17C12",281653.813,4871191.154,c(281653.813, 4871191.154)
"48","42R17C13",0,0,0,0,18,0,0,0,0,0,0,0,0,0,0,0,0,0,0,0,0,0,0,0,0,0,0,0,0,0,0,0,0,0,0,0,0,0,0,0,8,NA,"R","26",8,0,18,0,0,0,0,0,0,42,"R17C13",281658.175,4871192.037,c(281658.175, 4871192.037)
"49","42R17C6",0,0,0,18,0,0,0,30,0,0,0,0,0,0,0,0,0,0,0,0,0,0,0,0,0,0,0,0,0,0,0,0,0,0,0,0,0,0,0,0,6,NA,"R","54",6,18,0,0,0,0,0,0,0,42,"R17C6",281623.056,4871196.751,c(281623.056, 4871196.751)
"50","42R17C7",0,0,0,0,30,0,0,30,0,0,0,0,0,0,0,0,0,0,0,0,0,0,0,0,0,0,0,0,0,0,0,0,0,0,0,0,0,0,0,0,7,NA,"R","67",7,0,30,0,0,0,0,0,0,42,"R17C7",281626.27,4871192.661,c(281626.27, 4871192.661)
"51","42R17C8",0,0,0,0,15,0,0,10,0,0,0,0,0,0,0,0,0,0,0,0,0,0,0,0,0,0,0,0,0,0,0,0,0,0,0,0,0,0,0,0,6,NA,"R","31",6,0,15,0,0,0,0,0,0,42,"R17C8",281632.912,4871192.061,c(281632.912, 4871192.061)
"52","42R17C9",0,0,0,0,0,0,0,39,0,0,0,0,0,0,0,12,0,0,0,0,0,0,0,0,0,0,0,0,0,0,0,0,0,0,0,0,0,0,0,0,8,NA,"R","59",8,0,0,0,12,0,0,0,0,42,"R17C9",281637.583,4871190.61,c(281637.583, 4871190.61)
"53","42R18C10",0,0,0,0,18,0,0,27,0,0,0,0,0,0,0,0,0,0,0,0,0,0,0,0,0,0,0,0,0,0,0,0,0,0,0,0,0,0,0,0,6,NA,"R","51",6,0,18,0,0,0,0,0,0,42,"R18C10",281646.149,4871185.554,c(281646.149, 4871185.554)
"54","42R18C11",0,0,0,0,36,0,0,9,0,0,0,0,0,0,0,0,0,0,0,0,0,0,0,0,0,0,0,0,0,0,0,0,0,0,0,0,0,0,0,0,6,NA,"R","51",6,0,36,0,0,0,0,0,0,42,"R18C11",281650.292,4871189.315,c(281650.292, 4871189.315)
"55","42R18C12",0,0,0,0,9,0,0,19,0,0,0,0,0,0,0,0,0,0,0,0,0,0,0,0,0,0,0,0,0,0,0,0,0,0,0,0,0,0,0,0,6,NA,"R","34",6,0,9,0,0,0,0,0,0,42,"R18C12",281656.976,4871188.007,c(281656.976, 4871188.007)
"56","42R18C13",0,0,0,0,33,0,0,24,0,0,0,0,0,0,0,0,0,0,0,0,0,0,0,0,0,0,0,0,0,0,0,0,0,0,0,0,0,0,0,0,8,NA,"R","65",8,0,33,0,0,0,0,0,0,42,"R18C13",281659.721,4871188.078,c(281659.721, 4871188.078)
"57","42R18C7",0,0,0,0,0,0,0,28,0,0,0,0,0,0,0,36,0,0,0,0,0,0,0,0,0,0,0,0,0,0,0,0,0,0,0,0,0,0,0,0,9,NA,"R","73",9,0,0,0,36,0,0,0,0,42,"R18C7",281630.976,4871189.271,c(281630.976, 4871189.271)
"58","42R18C8",0,0,0,0,15,0,16,24,0,0,0,0,0,0,0,0,0,0,0,0,0,0,0,0,0,0,0,0,0,0,0,0,0,0,0,0,0,0,0,0,9,NA,"R","64",9,0,15,0,0,0,0,16,0,42,"R18C8",281634.693,4871188.044,c(281634.693, 4871188.044)
"59","42R18C9",0,0,0,0,0,0,0,0,0,0,0,0,0,0,0,3,0,0,0,0,0,0,0,0,0,0,0,0,0,0,0,0,0,0,0,0,0,0,0,0,8,NA,"R","11",8,0,0,0,3,0,0,0,0,42,"R18C9",281640.234,4871181.483,c(281640.234, 4871181.483)
"60","42R19C10",0,0,0,0,6,15,14,6,0,0,0,0,0,0,0,14,0,0,0,0,0,0,0,0,0,0,0,0,0,0,0,0,0,0,0,0,0,0,0,0,9,NA,"Bh","64",9,0,6,15,14,0,0,14,0,42,"R19C10",281647.259,4871181.801,c(281647.259, 4871181.801)
"61","42R19C11",0,0,0,0,16,0,0,0,0,0,0,0,0,0,0,27,0,0,0,0,0,0,0,0,0,0,0,0,0,0,0,0,0,0,0,0,0,0,0,0,12,NA,"R","55",12,0,16,0,27,0,0,0,0,42,"R19C11",281650.736,4871181.242,c(281650.736, 4871181.242)
"62","42R19C12",0,0,0,0,0,0,0,0,0,0,0,0,0,0,0,32,0,0,0,0,0,0,0,0,0,0,0,0,0,0,0,0,0,0,0,0,0,0,0,0,12,NA,"R","44",12,0,0,0,32,0,0,0,0,42,"R19C12",281656.282,4871180.347,c(281656.282, 4871180.347)
"63","42R19C13",0,0,0,7,26,6,0,0,0,0,0,0,0,0,0,0,0,0,0,0,0,0,0,0,0,0,0,0,0,0,0,0,0,0,0,0,0,0,0,0,8,NA,"R","47",8,7,26,6,0,0,0,0,0,42,"R19C13",281659.483,4871178.896,c(281659.483, 4871178.896)
"64","42R19C14",0,0,0,0,18,0,0,0,0,0,0,0,0,0,0,0,0,0,0,0,0,0,0,0,0,0,0,0,0,0,0,0,0,0,0,0,0,0,0,0,16,NA,"R","34",16,0,18,0,0,0,0,0,0,42,"R19C14",281666.626,4871174.024,c(281666.626, 4871174.024)
"65","42R19C7",0,0,0,0,15,0,15,14,0,0,0,0,0,0,0,0,0,0,0,0,0,0,0,0,0,0,0,0,0,0,0,0,0,0,0,0,0,0,0,0,9,NA,"C","53",9,0,15,0,0,0,0,15,0,42,"R19C7",281631.589,4871182.964,c(281631.589, 4871182.964)
"66","42R19C8",0,0,0,13,10,0,0,0,0,0,0,0,0,0,0,0,0,0,0,0,0,0,0,0,0,0,0,0,0,0,0,0,0,0,0,0,0,0,0,0,8,NA,"C","31",8,13,10,0,0,0,0,0,0,42,"R19C8",281635.446,4871182.949,c(281635.446, 4871182.949)
"67","42R19C9",0,0,0,2,3,5,0,11,0,0,0,0,0,0,0,0,0,0,0,0,0,0,0,0,0,0,0,0,0,0,0,0,0,0,0,0,0,0,0,0,7,NA,"R","28",7,2,3,5,0,0,0,0,0,42,"R19C9",281641.635,4871177.886,c(281641.635, 4871177.886)
"68","42R1C1",0,0,0,0,22,0,0,9,0,0,0,0,0,0,0,0,0,0,0,0,0,0,0,0,0,0,0,0,0,0,0,0,0,0,0,0,0,0,0,0,1,NA,"R","32",1,0,22,0,0,0,0,0,0,42,"R1C1",281607.53,4871275.36,c(281607.53, 4871275.36)
"69","42R1C2",0,0,0,1,0,0,0,0,0,0,0,0,0,0,0,0,0,0,0,0,0,0,0,0,0,0,0,0,0,0,0,0,0,0,0,0,0,0,0,0,4,NA,"R","5",4,1,0,0,0,0,0,0,0,42,"R1C2",281612.758,4871273.811,c(281612.758, 4871273.811)
"70","42R1C3",0,0,0,4,0,0,0,0,0,0,0,0,0,0,0,0,0,0,0,0,0,0,0,0,0,0,0,0,0,0,0,0,0,0,0,0,0,0,0,0,6,NA,"R","10",6,4,0,0,0,0,0,0,0,42,"R1C3",281617.598,4871274.943,c(281617.598, 4871274.943)
"71","42R1C4",0,0,0,4,0,0,0,0,0,0,0,0,0,0,0,0,0,0,0,0,0,0,0,0,0,0,0,0,0,0,0,0,0,0,0,0,0,0,0,0,10,NA,"Bhs","14",10,4,0,0,0,0,0,0,0,42,"R1C4",281621.306,4871275.854,c(281621.306, 4871275.854)
"72","42R1C5",0,0,0,2,0,0,0,0,0,0,0,0,0,0,0,0,0,0,0,0,0,0,0,0,0,0,0,0,0,0,0,0,0,0,0,0,0,0,0,0,8,NA,"R","10",8,2,0,0,0,0,0,0,0,42,"R1C5",281628.93,4871274.436,c(281628.93, 4871274.436)
"73","42R1C6",0,0,0,0,0,0,0,0,0,0,0,0,0,0,0,0,0,0,0,0,0,0,0,0,0,0,0,0,0,0,0,0,0,0,0,0,0,0,0,0,20,NA,"R","20",20,0,0,0,0,0,0,0,0,42,"R1C6",281632.873,4871274.509,c(281632.873, 4871274.509)
"74","42R1C7",0,0,0,0,0,0,0,0,0,0,0,0,0,0,0,0,0,0,0,0,0,0,0,0,0,0,0,0,0,0,0,0,0,0,0,0,0,0,0,0,6,NA,"R","6",6,0,0,0,0,0,0,0,0,42,"R1C7",281638.327,4871274.613,c(281638.327, 4871274.613)
"75","42R1C8",0,0,0,0,0,0,0,0,0,0,0,0,0,0,0,0,0,0,0,0,0,0,0,0,0,0,0,0,0,0,0,0,0,0,0,0,0,0,0,0,7,NA,"C","7",7,0,0,0,0,0,0,0,0,42,"R1C8",281642.051,4871273.904,c(281642.051, 4871273.904)
"76","42R20C10",0,0,0,0,0,0,0,0,0,0,0,0,0,0,0,12,0,0,0,0,0,0,0,0,0,0,0,0,0,0,0,0,0,0,0,0,0,0,0,0,6,NA,"C","18",6,0,0,0,12,0,0,0,0,42,"R20C10",281648.369,4871178.047,c(281648.369, 4871178.047)
"77","42R20C11",0,0,0,0,39,0,0,27,0,0,0,0,0,0,0,0,0,0,0,0,0,0,0,0,0,0,0,0,0,0,0,0,0,0,0,0,0,0,0,0,6,NA,"Bh","72",6,0,39,0,0,0,0,0,0,42,"R20C11",281651.181,4871173.169,c(281651.181, 4871173.169)
"78","42R20C12",0,0,0,0,11,0,12,0,0,0,0,0,0,0,0,0,0,0,0,0,0,0,0,0,0,0,0,0,0,0,0,0,0,0,0,0,0,0,0,0,9,NA,"R","32",9,0,11,0,0,0,0,12,0,42,"R20C12",281655.588,4871172.686,c(281655.588, 4871172.686)
"79","42R20C13",0,0,0,6,9,0,0,0,0,0,0,0,0,0,0,0,0,0,0,0,0,0,0,0,0,0,0,0,0,0,0,0,0,0,0,0,0,0,0,0,4,NA,"R","19",4,6,9,0,0,0,0,0,0,42,"R20C13",281659.245,4871169.713,c(281659.245, 4871169.713)
"80","42R20C14",0,0,0,0,0,0,0,0,0,0,0,0,0,0,0,0,0,0,0,0,0,0,0,0,0,0,0,0,0,0,0,0,0,0,0,0,0,0,0,0,9,NA,"R","9",9,0,0,0,0,0,0,0,0,42,"R20C14",281666.675,4871169.024,c(281666.675, 4871169.024)
"81","42R20C7",0,0,0,0,28,0,0,0,0,0,0,0,0,0,0,38,0,0,0,0,0,0,0,0,0,0,0,0,0,0,0,0,0,0,0,0,0,0,0,0,9,NA,"R","75",9,0,28,0,38,0,0,0,0,42,"R20C7",281632.202,4871176.657,c(281632.202, 4871176.657)
"82","42R20C8",0,0,0,0,26,0,0,0,0,0,0,0,0,0,0,0,0,0,0,0,0,0,0,0,0,0,0,0,0,0,0,0,0,0,0,0,0,0,0,0,9,NA,"R","35",9,0,26,0,0,0,0,0,0,42,"R20C8",281636.169,4871177.641,c(281636.169, 4871177.641)
"83","42R20C9",0,0,0,0,12,0,0,24,0,0,0,0,0,0,0,0,0,0,0,0,0,0,0,0,0,0,0,0,0,0,0,0,0,0,0,0,0,0,0,0,8,NA,"Bhs","44",8,0,12,0,0,0,0,0,0,42,"R20C9",281643.036,4871174.29,c(281643.036, 4871174.29)
"84","42R2C1",0,0,0,28,0,0,0,0,0,0,0,0,0,0,0,0,0,0,0,0,0,0,0,0,0,0,0,0,0,0,0,0,0,0,0,0,0,0,0,0,2,NA,"C","30",2,28,0,0,0,0,0,0,0,42,"R2C1",281607.53,4871270.36,c(281607.53, 4871270.36)
"85","42R2C2",0,0,0,0,0,0,0,0,0,0,0,0,0,0,0,0,0,0,0,0,0,0,0,0,0,0,0,0,0,0,0,0,0,0,0,0,0,0,0,0,3,NA,"BC","3",3,0,0,0,0,0,0,0,0,42,"R2C2",281612.662,4871268.933,c(281612.662, 4871268.933)
"86","42R2C3",0,0,0,0,0,0,0,0,0,0,0,0,0,0,0,0,0,0,0,0,0,0,0,0,0,0,0,0,0,0,0,0,0,0,0,0,0,0,0,0,3,NA,"BC","3",3,0,0,0,0,0,0,0,0,42,"R2C3",281617.598,4871269.943,c(281617.598, 4871269.943)
"87","42R2C4",0,0,0,0,9,0,0,0,0,0,0,0,0,0,0,0,0,0,0,0,0,0,0,0,0,0,0,0,0,0,0,0,0,0,0,0,0,0,0,0,3,NA,"C","12",3,0,9,0,0,0,0,0,0,42,"R2C4",281621.228,4871270.768,c(281621.228, 4871270.768)
"88","42R2C5",0,0,0,0,9,0,0,0,0,0,0,0,0,0,0,0,0,0,0,0,0,0,0,0,0,0,0,0,0,0,0,0,0,0,0,0,0,0,0,0,6,NA,"BC","15",6,0,9,0,0,0,0,0,0,42,"R2C5",281628.902,4871269.543,c(281628.902, 4871269.543)
"89","42R2C6",0,0,0,0,0,0,0,0,0,0,0,0,0,0,0,0,0,0,0,0,0,0,0,0,0,0,0,0,0,0,0,0,0,0,0,0,0,0,0,0,1,NA,"BC","1",1,0,0,0,0,0,0,0,0,42,"R2C6",281632.873,4871269.509,c(281632.873, 4871269.509)
"90","42R2C7",0,0,0,0,0,0,0,0,0,0,0,0,0,0,0,0,0,0,0,0,0,0,0,0,0,0,0,0,0,0,0,0,0,0,0,0,0,0,0,0,1,NA,"BC","1",1,0,0,0,0,0,0,0,0,42,"R2C7",281638.175,4871269.673,c(281638.175, 4871269.673)
"91","42R2C8",0,0,0,0,0,0,0,0,0,0,0,0,0,0,0,0,0,0,0,0,0,0,0,0,0,0,0,0,0,0,0,0,0,0,0,0,0,0,0,0,3,NA,"C","3",3,0,0,0,0,0,0,0,0,42,"R2C8",281642.025,4871268.824,c(281642.025, 4871268.824)
"92","42R3C1",0,0,0,0,0,0,0,0,0,0,0,0,0,0,0,0,0,0,0,0,0,0,0,0,0,0,0,0,0,0,0,0,0,0,0,0,0,0,0,0,14,NA,"C","14",14,0,0,0,0,0,0,0,0,42,"R3C1",281608.537,4871264.961,c(281608.537, 4871264.961)
"93","42R3C2",0,0,0,3,0,0,0,0,0,0,0,0,0,0,0,0,0,0,0,0,0,0,0,0,0,0,0,0,0,0,0,0,0,0,0,0,0,0,0,0,6,NA,"C","9",6,3,0,0,0,0,0,0,0,42,"R3C2",281613.691,4871264.038,c(281613.691, 4871264.038)
"94","42R3C3",0,0,0,2,0,0,0,0,0,0,0,0,0,0,0,0,0,0,0,0,0,0,0,0,0,0,0,0,0,0,0,0,0,0,0,0,0,0,0,0,5,NA,"R","7",5,2,0,0,0,0,0,0,0,42,"R3C3",281618.393,4871265.359,c(281618.393, 4871265.359)
"95","42R3C4",0,0,0,0,12,0,0,0,0,0,0,0,0,0,0,0,0,0,0,0,0,0,0,0,0,0,0,0,0,0,0,0,0,0,0,0,0,0,0,0,3,NA,"Bh","15",3,0,12,0,0,0,0,0,0,42,"R3C4",281621.87,4871266.429,c(281621.87, 4871266.429)
"96","42R3C5",0,0,0,9,29,0,0,2,0,0,0,0,0,0,0,0,0,0,0,0,0,0,0,0,0,0,0,0,0,0,0,0,0,0,0,0,0,0,0,0,9,NA,"Bhs","49",9,9,29,0,0,0,0,0,0,42,"R3C5",281628.943,4871266.818,c(281628.943, 4871266.818)
"97","42R3C6",0,0,0,0,0,0,0,0,0,0,0,0,0,0,0,0,0,0,0,0,0,0,0,0,0,0,0,0,0,0,0,0,0,0,0,0,0,0,0,0,3,NA,"Bhs","3",3,0,0,0,0,0,0,0,0,42,"R3C6",281635.445,4871267.44,c(281635.445, 4871267.44)
"98","42R3C7",0,0,0,0,0,0,0,0,0,0,0,0,0,0,0,0,0,0,0,0,0,0,0,0,0,0,0,0,0,0,0,0,0,0,0,0,0,0,0,0,3,NA,"Bhs","3",3,0,0,0,0,0,0,0,0,42,"R3C7",281640.714,4871267.829,c(281640.714, 4871267.829)
"99","42R3C8",0,0,0,0,0,0,0,0,0,0,0,0,0,0,0,0,0,0,0,0,0,0,0,0,0,0,0,0,0,0,0,0,0,0,0,0,0,0,0,0,6,NA,"C","6",6,0,0,0,0,0,0,0,0,42,"R3C8",281644.572,4871267.429,c(281644.572, 4871267.429)
"100","42R3C9",0,0,0,1,0,0,0,0,0,0,0,0,0,0,0,0,0,0,0,0,0,0,0,0,0,0,0,0,0,0,0,0,0,0,0,0,0,0,0,0,10,NA,"C","11",10,1,0,0,0,0,0,0,0,42,"R3C9",281649.572,4871267.429,c(281649.572, 4871267.429)
"101","42R4C1",0,0,0,0,0,0,0,0,0,0,0,0,0,0,0,0,0,0,0,0,0,0,0,0,0,0,0,0,0,0,0,0,0,0,0,0,0,0,0,0,3,NA,"C","3",3,0,0,0,0,0,0,0,0,42,"R4C1",281609.544,4871259.563,c(281609.544, 4871259.563)
"102","42R4C2",0,0,0,0,0,0,0,0,0,0,0,0,0,0,0,0,0,0,0,0,0,0,0,0,0,0,0,0,0,0,0,0,0,0,0,0,0,0,0,0,3,NA,"C","3",3,0,0,0,0,0,0,0,0,42,"R4C2",281614.721,4871259.142,c(281614.721, 4871259.142)
"103","42R4C3",0,0,0,0,0,0,0,0,0,0,0,0,0,0,0,0,0,0,0,0,0,0,0,0,0,0,0,0,0,0,0,0,0,0,0,0,0,0,0,0,3,NA,"BC","3",3,0,0,0,0,0,0,0,0,42,"R4C3",281619.188,4871260.774,c(281619.188, 4871260.774)
"104","42R4C4",0,0,0,0,0,0,0,0,0,0,0,0,0,0,0,0,0,0,0,0,0,0,0,0,0,0,0,0,0,0,0,0,0,0,0,0,0,0,0,0,4,NA,"BC","4",4,0,0,0,0,0,0,0,0,42,"R4C4",281622.511,4871262.089,c(281622.511, 4871262.089)
"105","42R4C5",0,0,0,0,0,0,0,0,0,0,0,0,0,0,0,0,0,0,0,0,0,0,0,0,0,0,0,0,0,0,0,0,0,0,0,0,0,0,0,0,6,NA,"C","6",6,0,0,0,0,0,0,0,0,42,"R4C5",281628.984,4871264.093,c(281628.984, 4871264.093)
"106","42R4C6",0,0,0,0,0,0,0,0,0,0,0,0,0,0,0,0,0,0,0,0,0,0,0,0,0,0,0,0,0,0,0,0,0,0,0,0,0,0,0,0,3,NA,"C","3",3,0,0,0,0,0,0,0,0,42,"R4C6",281638.016,4871265.371,c(281638.016, 4871265.371)
"107","42R4C7",0,0,0,3,0,0,0,0,0,0,0,0,0,0,0,0,0,0,0,0,0,0,0,0,0,0,0,0,0,0,0,0,0,0,0,0,0,0,0,0,3,NA,"C","6",3,3,0,0,0,0,0,0,0,42,"R4C7",281643.253,4871265.986,c(281643.253, 4871265.986)
"108","42R4C8",0,0,0,0,0,0,0,0,0,0,0,0,0,0,0,0,0,0,0,0,0,0,0,0,0,0,0,0,0,0,0,0,0,0,0,0,0,0,0,0,6,NA,"C","6",6,0,0,0,0,0,0,0,0,42,"R4C8",281647.118,4871266.034,c(281647.118, 4871266.034)
"109","42R5C1",0,0,0,1,0,0,0,0,0,0,0,0,0,0,0,0,0,0,0,0,0,0,0,0,0,0,0,0,0,0,0,0,0,0,0,0,0,0,0,0,6,NA,"C","7",6,1,0,0,0,0,0,0,0,42,"R5C1",281609.544,4871254.563,c(281609.544, 4871254.563)
"110","42R5C2",0,0,0,22,0,0,0,0,0,0,0,0,0,0,0,0,0,0,0,0,0,0,0,0,0,0,0,0,0,0,0,0,0,0,0,0,0,0,0,0,7,NA,"C","29",7,22,0,0,0,0,0,0,0,42,"R5C2",281614.74,4871253.756,c(281614.74, 4871253.756)
"111","42R5C3",0,0,0,1,0,0,0,0,0,0,0,0,0,0,0,0,0,0,0,0,0,0,0,0,0,0,0,0,0,0,0,0,0,0,0,0,0,0,0,0,5,NA,"C","6",5,1,0,0,0,0,0,0,0,42,"R5C3",281618.65,4871254.384,c(281618.65, 4871254.384)
"112","42R5C4",0,0,0,2,19,0,0,0,0,0,0,0,0,0,0,0,0,0,0,0,0,0,0,0,0,0,0,0,0,0,0,0,0,0,0,0,0,0,0,0,2,NA,"BC","23",2,2,19,0,0,0,0,0,0,42,"R5C4",281623.298,4871257.952,c(281623.298, 4871257.952)
"113","42R5C5",0,0,0,6,0,0,0,0,0,0,0,0,0,0,0,0,0,0,0,0,0,0,0,0,0,0,0,0,0,0,0,0,0,0,0,0,0,0,0,0,12,NA,"BC","18",12,6,0,0,0,0,0,0,0,42,"R5C5",281629.746,4871258.37,c(281629.745999999, 4871258.37)
"114","42R5C6",0,0,0,0,0,0,0,0,0,0,0,0,0,0,0,0,0,0,0,0,0,0,0,0,0,0,0,0,0,0,0,0,0,0,0,0,0,0,0,0,6,NA,"BC","6",6,0,0,0,0,0,0,0,0,42,"R5C6",281635.564,4871258.026,c(281635.564, 4871258.026)
"115","42R5C7",0,0,0,1,0,0,0,0,0,0,0,0,0,0,0,0,0,0,0,0,0,0,0,0,0,0,0,0,0,0,0,0,0,0,0,0,0,0,0,0,8,NA,"Bh","9",8,1,0,0,0,0,0,0,0,42,"R5C7",281640.602,4871256.602,c(281640.602, 4871256.602)
"116","42R5C8",0,0,0,15,0,0,0,0,0,0,0,0,0,0,0,0,0,0,0,0,0,0,0,0,0,0,0,0,0,0,0,0,0,0,0,0,0,0,0,0,6,NA,"Bh","21",6,15,0,0,0,0,0,0,0,42,"R5C8",281646.049,4871259.25,c(281646.049, 4871259.25)
"117","42R6C2",0,0,0,17,0,0,0,0,0,0,0,0,0,0,0,0,0,0,0,0,0,0,0,0,0,0,0,0,0,0,0,0,0,0,0,0,0,0,0,0,1,NA,"R","18",1,17,0,0,0,0,0,0,0,42,"R6C2",281614.758,4871248.37,c(281614.758, 4871248.37)
"118","42R6C3",0,0,0,9,0,0,0,0,0,0,0,0,0,0,0,0,0,0,0,0,0,0,0,0,0,0,0,0,0,0,0,0,0,0,0,0,0,0,0,0,6,NA,"R","15",6,9,0,0,0,0,0,0,0,42,"R6C3",281618.113,4871247.993,c(281618.113, 4871247.993)
"119","42R6C4",0,0,0,0,0,0,0,0,0,0,0,0,0,0,0,0,0,0,0,0,0,0,0,0,0,0,0,0,0,0,0,0,0,0,0,0,0,0,0,0,2,NA,"C","2",2,0,0,0,0,0,0,0,0,42,"R6C4",281624.086,4871253.815,c(281624.086, 4871253.815)
"120","42R6C5",0,0,0,0,9,0,0,12,0,0,0,0,0,0,0,12,0,0,0,0,0,0,0,0,0,0,0,0,0,0,0,0,0,0,0,0,0,0,0,0,6,NA,"C","39",6,0,9,0,12,0,0,0,0,42,"R6C5",281630.508,4871252.647,c(281630.508, 4871252.647)
"121","42R6C6",0,0,0,0,0,0,0,0,0,0,0,0,0,0,0,0,0,0,0,0,0,0,0,0,0,0,0,0,0,0,0,0,0,0,0,0,0,0,0,0,3,NA,"C","3",3,0,0,0,0,0,0,0,0,42,"R6C6",281633.111,4871250.682,c(281633.111, 4871250.682)
"122","42R6C7",0,0,0,0,0,0,0,0,0,0,0,0,0,0,0,45,0,0,0,0,0,0,0,0,0,0,0,0,0,0,0,0,0,0,0,0,0,0,0,0,9,NA,"R","54",9,0,0,0,45,0,0,0,0,42,"R6C7",281637.819,4871247.305,c(281637.819, 4871247.305)
"123","42R6C8",0,0,0,0,40,0,0,0,0,0,0,0,0,0,0,0,0,0,0,0,0,0,0,0,0,0,0,0,0,0,0,0,0,0,0,0,0,0,0,0,3,NA,"BC","43",3,0,40,0,0,0,0,0,0,42,"R6C8",281644.98,4871252.466,c(281644.98, 4871252.466)
"124","42R7C3",0,0,0,7,11,0,0,8,0,0,0,0,0,0,0,8,0,0,0,0,0,0,0,0,0,0,0,0,0,0,0,0,0,0,0,0,0,0,0,0,3,NA,"R","37",3,7,11,0,8,0,0,0,0,42,"R7C3",281620.144,4871245.675,c(281620.144, 4871245.675)
"125","42R7C4",0,0,0,17,12,0,0,3,0,0,0,0,0,0,0,0,0,0,0,0,0,0,0,0,0,0,0,0,0,0,0,0,0,0,0,0,0,0,0,0,6,NA,"C","38",6,17,12,0,0,0,0,0,0,42,"R7C4",281623.838,4871249.782,c(281623.838, 4871249.782)
"126","42R7C5",0,0,0,6,10,0,0,0,0,0,0,0,0,0,0,6,0,0,0,0,0,0,0,0,0,0,0,0,0,0,0,0,0,0,0,0,0,0,0,0,4,NA,"Bh","26",4,6,10,0,6,0,0,0,0,42,"R7C5",281629.584,4871247.438,c(281629.584, 4871247.438)
"127","42R7C6",0,0,0,0,6,0,0,0,0,0,0,0,0,0,0,27,0,0,0,0,0,0,0,0,0,0,0,0,0,0,0,0,0,0,0,0,0,0,0,0,12,NA,"Bh","45",12,0,6,0,27,0,0,0,0,42,"R7C6",281633.62,4871246.622,c(281633.62, 4871246.622)
"128","42R7C7",0,0,0,7,0,0,0,0,0,0,0,0,0,0,0,0,0,0,0,0,0,0,0,0,0,0,0,0,0,0,0,0,0,0,0,0,0,0,0,0,4,NA,"Bh","11",4,7,0,0,0,0,0,0,0,42,"R7C7",281638.739,4871245.737,c(281638.739, 4871245.737)
"129","42R7C8",0,0,0,7,8,0,0,0,0,0,0,0,0,0,0,0,0,0,0,0,0,0,0,0,0,0,0,0,0,0,0,0,0,0,0,0,0,0,0,0,9,NA,"C","24",9,7,8,0,0,0,0,0,0,42,"R7C8",281644.882,4871248.523,c(281644.882, 4871248.523)
"130","42R7C9",0,0,0,6,23,0,0,0,0,0,0,0,0,0,0,0,0,0,0,0,0,0,0,0,0,0,0,0,0,0,0,0,0,0,0,0,0,0,0,0,4,NA,"C","33",4,6,23,0,0,0,0,0,0,42,"R7C9",281649.882,4871248.523,c(281649.882, 4871248.523)
"131","42R8C3",0,0,0,0,18,0,0,0,0,0,0,0,0,0,0,0,0,0,0,0,0,0,0,0,0,0,0,0,0,0,0,0,0,0,0,0,0,0,0,0,2,NA,"R","20",2,0,18,0,0,0,0,0,0,42,"R8C3",281622.176,4871243.357,c(281622.175999999, 4871243.357)
"132","42R8C4",0,0,0,0,27,0,0,0,0,0,0,0,0,0,0,0,0,0,0,0,0,0,0,0,0,0,0,0,0,0,0,0,0,0,0,0,0,0,0,0,3,NA,"R","30",3,0,27,0,0,0,0,0,0,42,"R8C4",281623.589,4871245.75,c(281623.589, 4871245.75)
"133","42R8C5",0,0,0,0,0,0,0,0,0,0,0,0,0,0,0,0,0,0,0,0,0,0,0,0,0,0,0,0,0,0,0,0,0,0,0,0,0,0,0,0,3,NA,"R","3",3,0,0,0,0,0,0,0,0,42,"R8C5",281628.66,4871242.229,c(281628.66, 4871242.229)
"134","42R8C6",0,0,0,0,10,0,0,0,0,0,0,0,0,0,0,0,0,0,0,0,0,0,0,0,0,0,0,0,0,0,0,0,0,0,0,0,0,0,0,0,6,NA,"R","16",6,0,10,0,0,0,0,0,0,42,"R8C6",281634.13,4871242.563,c(281634.13, 4871242.563)
"135","42R8C7",0,0,0,6,24,0,0,0,0,0,0,0,0,0,0,0,0,0,0,0,0,0,0,0,0,0,0,0,0,0,0,0,0,0,0,0,0,0,0,0,2,NA,"C","32",2,6,24,0,0,0,0,0,0,42,"R8C7",281639.659,4871244.17,c(281639.659, 4871244.17)
"136","42R8C8",0,0,0,0,24,0,0,9,0,0,0,0,0,0,0,0,0,0,0,0,0,0,0,0,0,0,0,0,0,0,0,0,0,0,0,0,0,0,0,0,5,NA,"C","38",5,0,24,0,0,0,0,0,0,42,"R8C8",281644.783,4871244.579,c(281644.783, 4871244.579)
"137","42R8C9",0,0,0,0,0,0,0,0,0,0,0,0,0,0,0,45,0,0,0,0,0,0,0,0,0,0,0,0,0,0,0,0,0,0,0,0,0,0,0,0,2,NA,"C","47",2,0,0,0,45,0,0,0,0,42,"R8C9",281647.826,4871246.852,c(281647.826, 4871246.852)
"138","42R9C4",0,0,0,1,0,0,0,0,0,0,0,0,0,0,0,0,0,0,0,0,0,0,0,0,0,0,0,0,0,0,0,0,0,0,0,0,0,0,0,0,8,NA,"C","9",8,1,0,0,0,0,0,0,0,42,"R9C4",281627.088,4871234.747,c(281627.088, 4871234.747)
"139","42R9C5",0,0,0,6,0,0,0,0,0,0,0,0,0,0,0,0,0,0,0,0,0,0,0,0,0,0,0,0,0,0,0,0,0,0,0,0,0,0,0,0,12,NA,"C","18",12,6,0,0,0,0,0,0,0,42,"R9C5",281632.084,4871233.648,c(281632.084, 4871233.648)
"140","42R9C6",0,0,0,0,0,0,0,0,0,0,0,0,0,0,0,0,0,0,0,0,0,0,0,0,0,0,0,0,0,0,0,0,0,0,0,0,0,0,0,0,6,NA,"C","6",6,0,0,0,0,0,0,0,0,42,"R9C6",281635.838,4871236.275,c(281635.838, 4871236.275)
"141","42R9C7",0,0,0,0,0,0,0,0,0,0,0,0,0,0,0,0,0,0,0,0,0,0,0,0,0,0,0,0,0,0,0,0,0,0,0,0,0,0,0,0,9,NA,"C","9",9,0,0,0,0,0,0,0,0,42,"R9C7",281640.433,4871237.319,c(281640.433, 4871237.319)
"142","42R9C8",0,0,0,0,0,0,0,0,0,0,0,0,0,0,0,0,0,0,0,0,0,0,0,0,0,0,0,0,0,0,0,0,0,0,0,0,0,0,0,0,6,NA,"C","6",6,0,0,0,0,0,0,0,0,42,"R9C8",281645.145,4871238.627,c(281645.145, 4871238.627)
"143","52R468M0",1,2,0,1,13,0,0,0,0,0,0,0,0,0,0,0,0,0,0,0,0,0,0,0,0,0,0,0,0,0,0,7,7,0,0,0,0,0,0,0,0,NA,"RF","31",17,1,13,0,0,0,0,0,0,52,"R468M0",281782.638575,4871137.970782,c(281782.638575, 4871137.9707824)
"144","52R468M20.1",0.5,1,1.5,3,26,0,33,9,0,0,0,0,0,0,0,0,0,0,0,0,0,0,0,0,0,0,0,0,0,0,0,0,0,0,0,0,0,0,0,0,0,NA,"RF","74",3,3,26,0,0,0,0,33,0,52,"R468M20.1",281802.9479899,4871140.694367,c(281802.947989922, 4871140.6943672)
"145","52R468M30",1,2,7,5,0,0,0,2,0,0,0,0,0,16,14,0,0,0,0,0,0,0,0,0,0,0,0,0,0,0,0,0,0,0,0,0,0,0,0,0,0,NA,"R","47",10,5,30,0,0,0,0,0,0,52,"R468M30",281812.9511346,4871142.035834,c(281812.951134586, 4871142.03583434)
"146","52R468M40.1",1,2,7,5,2,18,20,9,0,0,0,0,0,0,0,0,0,0,0,0,0,0,0,0,0,0,0,0,0,0,0,0,0,0,0,0,0,0,0,0,0,NA,"R","64",10,5,2,18,0,0,0,20,0,52,"R468M40.1",281823.156363,4871143.404401,c(281823.15636298, 4871143.40440183)
"147","52R468M50",1,2,13,0,0,0,0,5,0,0,0,0,0,0,0,29,0,0,0,0,0,0,0,0,0,0,0,0,0,0,0,0,0,0,0,0,0,0,0,0,0,NA,"R","50",16,0,0,0,29,0,0,0,0,52,"R468M50",281833.1595076,4871144.745869,c(281833.159507643, 4871144.74586897)
"148","52R468M59.8",1,1,8,2.5,0,0,0,0,0,0,0,0,0,1.5,27,0,0,0,0,0,0,0,0,0,0,0,0,0,0,0,0,0,0,0,0,0,0,0,0,0,0,NA,"RF","41",10,2.5,28.5,0,0,0,0,0,0,52,"R468M59.8",281843.0616104,4871146.073785,c(281843.061610441, 4871146.07378594)
"149","52R468M69.8",2,2,0,2,3,18,0,0,0,0,0,0,0,0,0,0,0,0,0,0,0,0,0,0,0,0,0,0,0,0,0,4,8,0,0,0,0,0,0,0,0,NA,"RF","39",16,2,3,18,0,0,0,0,0,52,"R468M69.8",281853.165797,4871147.428803,c(281853.165796969, 4871147.42880325)
"150","52R468M9.8",2,2,0,3,0,0,9,4,0,0,0,0,0,2,12,0,0,0,0,0,0,0,0,0,0,0,0,0,0,0,0,4,6,0,0,0,0,0,0,0,0,NA,"R","44",14,3,14,0,0,0,0,9,0,52,"R468M9.8",281792.5406778,4871139.298699,c(281792.540677798, 4871139.29869937)
"151","52R470M0",1,1,9,13,26,0,7,4,0,0,0,0,0,0,0,0,0,0,0,0,0,0,0,0,0,0,0,0,0,0,0,0,0,0,0,0,0,0,0,0,0,NA,"R","61",11,13,26,0,0,0,0,7,0,52,"R470M0",281782.674738,4871148.828331,c(281782.67473805, 4871148.8283311)
"152","52R470M10",1,2,6,0,0,0,0,0,0,0,0,0,0,0,0,0,0,0,0,0,0,0,0,0,0,0,0,0,0,0,0,0,0,0,0,0,0,0,0,37,0,NA,"R","46",9,0,0,0,0,0,0,0,0,52,"R470M10",281792.6472848,4871149.911107,c(281792.647284793, 4871149.91110737)
"153","52R470M20",1,1,5,2,4,57,0,1,0,0,0,0,0,0,0,0,0,0,0,0,0,0,0,0,0,0,0,0,0,0,0,0,0,0,0,0,0,0,0,0,0,NA,"R","71",7,2,4,57,0,0,0,0,0,52,"R470M20",281802.6198315,4871150.993883,c(281802.619831536, 4871150.99388364)
"154","52R470M29.5",1,1,4,3,2,24,16,0,0,0,0,0,0,0,0,0,0,0,0,0,0,0,0,0,0,0,0,0,0,0,0,0,0,0,0,0,0,0,0,0,0,NA,"R","51",6,3,2,24,0,0,0,16,0,52,"R470M29.5",281812.0937509,4871152.022521,c(281812.093750941, 4871152.0225211)
"155","52R470M40",1,1,0,8,11,0,21,0,0,0,0,0,0,0,0,0,0,0,0,0,0,0,0,0,0,0,0,0,0,0,0,4,5,0,0,0,0,0,0,0,0,NA,"RF","64",11,8,11,0,0,0,0,21,0,52,"R470M40",281822.564925,4871153.159436,c(281822.564925021, 4871153.15943619)
"156","52R470M50",1,1,0,0,39,0,0,9,0,0,0,0,0,0,0,0,0,0,0,0,0,0,0,0,0,0,0,0,0,0,0,2,12,0,0,0,0,0,0,0,0,NA,"RF","64",16,0,39,0,0,0,0,0,0,52,"R470M50",281832.5374718,4871154.242212,c(281832.537471764, 4871154.24221246)
"157","52R470M60",2,3,7,6,12,25,5,0,0,0,0,0,0,0,0,0,0,0,0,0,0,0,0,0,0,0,0,0,0,0,0,0,0,0,0,0,0,0,0,0,0,NA,"R","60",12,6,12,25,0,0,0,5,0,52,"R470M60",281842.5100185,4871155.324988,c(281842.510018507, 4871155.32498873)
"158","52R470M70",2,1,0,31,3,14,6,12,0,0,0,0,0,0,0,0,0,0,0,0,0,0,0,0,0,0,0,0,0,0,0,7,7,0,0,0,0,0,0,0,0,NA,"R","83",17,31,3,14,0,0,0,6,0,52,"R470M70",281852.4825653,4871156.407765,c(281852.48256525, 4871156.407765)
"159","52R472M0",1,1,7,0,32,0,0,0,0,0,0,0,0,0,0,0,0,0,0,0,0,0,0,0,0,0,0,0,0,0,0,0,0,0,0,0,0,0,0,0,0,NA,"R","41",9,0,32,0,0,0,0,0,0,52,"R472M0",281782.6626837,4871159.685879,c(281782.6626837, 4871159.6858798)
"160","52R472M20",1.5,1,0,0,0,0,0,0,0,0,0,0,0,0,0,0,0,0,0,0,0,0,0,0,0,0,0,0,0,0,0,5.5,25,0,0,0,0,0,0,0,0,NA,"R","33",33,0,0,0,0,0,0,0,0,52,"R472M20",281802.358274,4871161.30695,c(281802.358274014, 4871161.30695026)
"161","52R472M30",1,1,3,3,6,26,7,0,0,0,0,0,0,0,0,0,0,0,0,0,0,0,0,0,0,0,0,0,0,0,0,0,0,0,0,0,0,0,0,0,0,NA,"R","47",5,3,6,26,0,0,0,7,0,52,"R472M30",281812.2060692,4871162.117485,c(281812.206069171, 4871162.11748549)
"162","52R472M40",2,2,10,0,36,0,0,13,0,0,0,0,0,0,0,0,0,0,0,0,0,0,0,0,0,0,0,0,0,0,0,0,0,0,0,0,0,0,0,0,0,NA,"R","63",14,0,36,0,0,0,0,0,0,52,"R472M40",281822.0538643,4871162.92802,c(281822.053864329, 4871162.92802071)
"163","52R472M50",1,1,0,9,18,14,0,0,0,0,0,0,0,0,0,0,0,0,0,0,0,0,0,0,0,0,0,0,0,0,0,4,7,0,0,0,0,0,0,0,0,NA,"R","54",13,9,18,14,0,0,0,0,0,52,"R472M50",281831.9016595,4871163.738555,c(281831.901659486, 4871163.73855594)
"164","52R472M60",1,1,11,0,0,0,0,0,0,0,0,0,0,0,0,0,0,0,0,0,0,0,0,0,0,0,0,0,0,0,0,0,0,0,0,0,0,0,0,0,0,NA,"RF","13",13,0,0,0,0,0,0,0,0,52,"R472M60",281841.7494546,4871164.549091,c(281841.749454643, 4871164.54909117)
"165","52R472M70",1,2,0,29,0,0,0,0,0,0,0,0,0,0,0,0,0,0,0,0,0,0,0,0,0,0,0,0,0,0,0,5,14,0,0,0,0,0,0,0,0,NA,"R","51",22,29,0,0,0,0,0,0,0,52,"R472M70",281851.5972498,4871165.359626,c(281851.5972498, 4871165.3596264)
"166","52R472M9.3",1,1,0,0,0,0,0,0,0,0,0,0,0,0,0,0,0,0,0,0,0,0,0,0,0,0,0,0,0,0,0,4,34,0,0,0,0,0,0,0,0,NA,"R","40",40,0,0,0,0,0,0,0,0,52,"R472M9.3",281791.8211332,4871160.439677,c(281791.821133196, 4871160.43967756)
"167","52R474M0",1,1,8,0,0,0,0,28,0,0,0,0,0,0,0,18,0,0,0,0,0,0,0,0,0,0,0,0,0,0,0,0,0,0,0,0,0,0,0,0,0,NA,"R","56",10,0,0,0,18,0,0,0,0,52,"R474M0",281781.5649995,4871169.554574,c(281781.56499945, 4871169.5545743)
"168","52R474M10",1,2,12,0,0,0,0,7,0,0,0,0,0,0,0,25,0,0,0,0,0,0,0,0,0,0,0,0,0,0,0,0,0,0,0,0,0,0,0,0,0,NA,"RF
","47",15,0,0,0,25,0,0,0,0,52,"R474M10",281791.4611756,4871170.976825,c(281791.461175562, 4871170.97682566)
"169","52R474M20",0.5,1.5,2.5,3.5,0,0,0,4,0,0,0,0,0,2,30,23,0,0,0,0,0,0,0,0,0,0,0,0,0,0,0,0,0,0,0,0,0,0,0,0,0,NA,"R","67",4.5,3.5,32,0,23,0,0,0,0,52,"R474M20",281801.3573517,4871172.399077,c(281801.357351674, 4871172.39907703)
"170","52R474M30",1,2,8,0,0,0,0,0,0,0,0,0,0,0,0,58,0,0,0,0,0,0,0,0,0,0,0,0,0,0,0,0,0,0,0,0,0,0,0,0,0,NA,"R","40",11,0,0,0,58,0,0,0,0,52,"R474M30",281811.2535278,4871173.821328,c(281811.253527786, 4871173.82132839)
"171","52R474M40",3,2,11,0,0,0,0,0,0,0,0,0,0,0,0,0,0,0,0,0,0,0,0,0,0,0,0,0,0,0,0,0,0,0,0,0,0,0,48,0,0,NA,"R","40",16,48,0,0,0,0,0,0,0,52,"R474M40",281821.1497039,4871175.243579,c(281821.149703898, 4871175.24357976)
"172","52R474M50",2,2,3,0,13,0,0,0,0,0,0,0,0,0,0,0,0,0,0,0,0,0,0,0,0,0,0,0,0,0,0,0,0,0,0,0,0,0,22,0,0,NA,"RF","42",7,22,13,0,0,0,0,0,0,52,"R474M50",281831.04588,4871176.665831,c(281831.04588001, 4871176.66583112)
"173","52R474M60",1.5,1.5,4.5,3,0,0,0,7,0,0,0,0,0,3.5,17,0,0,0,0,0,0,0,0,0,0,0,0,0,0,0,0,0,0,0,0,0,0,0,0,0,0,NA,"R","38",7.5,3,20.5,0,0,0,0,0,0,52,"R474M60",281840.9420561,4871178.088082,c(281840.942056122, 4871178.08808248)
"174","52R474M70",2,1,3,42,0,0,0,0,0,0,0,0,0,0,0,0,0,0,0,0,0,0,0,0,0,0,0,0,0,0,0,0,0,0,0,0,0,0,0,0,0,NA,"R","48",6,42,0,0,0,0,0,0,0,52,"R474M70",281850.8699819,4871179.538711,c(281850.869981938, 4871179.53871101)
"175","52R476M0",2,3,3,0,14,0,0,0,0,0,0,0,0,0,0,0,0,0,0,8,0,0,0,0,0,0,0,0,0,0,0,0,0,0,0,0,10,15,0,0,0,NA,"RF","55",8,0,14,0,25,0,0,0,0,52,"R476M0",281780.4673152,4871179.423268,c(281780.4673152, 4871179.4232688)
"176","52R476M10",2,2,0,0,0,0,0,0,0,0,0,0,0,0,0,0,0,0,0,0,0,0,0,0,0,0,0,0,0,0,0,4,16,0,0,0,0,0,0,0,0,NA,"RF","24",24,0,0,0,0,0,0,0,0,52,"R476M10",281790.4118723,4871181.457236,c(281790.411872267, 4871181.4572363)
"177","52R476M20",1,1,9,0,0,0,0,0,0,0,0,0,0,0,0,0,0,0,0,0,0,0,0,0,0,0,0,0,0,0,0,0,0,0,0,0,0,0,0,0,0,NA,"R","11",11,0,0,0,0,0,0,0,0,52,"R476M20",281800.3564293,4871183.491203,c(281800.356429333, 4871183.4912038)
"178","52R476M30",1.5,2,0,8,0,0,0,0,0,0,0,0,0,0,0,0,0,0,0,0,0,0,0,0,0,0,0,0,0,0,0,4.5,9,5,7,0,0,0,0,0,0,NA,"R","37",17,8,0,0,0,0,0,0,0,52,"R476M30",281810.3009864,4871185.525171,c(281810.3009864, 4871185.5251713)
"179","52R476M41.5",1,2,0,0,15,0,0,0,0,0,0,0,0,0,0,0,0,0,0,0,0,0,0,0,0,0,0,0,0,0,0,4,5,0,0,0,0,0,0,0,0,NA,"R","27",12,0,15,0,0,0,0,0,0,52,"R476M41.5",281821.737227,4871187.864233,c(281821.737227027, 4871187.86423393)
"180","52R476M50",3,4,10,10,22,0,0,0,0,0,0,0,0,0,0,0,0,0,0,0,0,0,0,0,0,0,0,0,0,0,0,0,0,0,0,0,0,0,0,0,0,NA,"R","49",17,10,22,0,0,0,0,0,0,52,"R476M50",281830.1901005,4871189.593106,c(281830.190100533, 4871189.5931063)
"181","52R476M60",1,2,2,9.5,20.5,0,0,0,0,0,0,0,0,0,0,0,0,0,0,0,0,0,0,0,0,0,0,0,0,0,0,0,0,0,0,0,0,0,0,0,0,NA,"R","35",5,9.5,20.5,0,0,0,0,0,0,52,"R476M60",281840.1346576,4871191.627073,c(281840.1346576, 4871191.6270738)
"182","52R478M0",2,2,6,0,0,0,0,0,0,0,0,0,0,0,0,0,0,0,0,0,0,0,0,0,0,0,0,0,0,0,0,0,0,0,0,0,25,39,0,0,0,NA,"R","74",10,0,0,0,64,0,0,0,0,52,"R478M0",281768.8818659,4871185.715219,c(281768.8818659, 4871185.7152197)
"183","52R478M20",2.5,2.5,2,0,0,0,0,0,0,0,0,0,0,0,0,0,0,0,0,0,0,0,0,0,0,0,0,0,0,0,0,0,0,0,0,23,0,0,0,0,0,NA,"R","30",7,23,23,0,0,0,0,0,0,52,"R478M20",281788.7817068,4871189.597753,c(281788.781706829, 4871189.59775391)
"184","52R478M30",2,1,4,0,43,0,0,11,0,0,0,0,0,0,0,0,0,0,0,0,0,0,0,0,0,0,0,0,0,0,0,0,0,0,0,0,0,0,0,0,0,NA,"R","61",7,0,43,0,0,0,0,0,0,52,"R478M30",281798.7316273,4871191.539021,c(281798.731627293, 4871191.53902102)
"185","52R478M40",2,3,13,0,0,0,0,0,0,0,0,0,0,0,0,0,0,0,0,0,0,0,0,0,0,0,0,0,0,0,0,0,0,0,0,0,0,0,0,0,0,NA,"R","18",18,0,0,0,0,0,0,0,0,52,"R478M40",281808.6815478,4871193.480288,c(281808.681547757, 4871193.48028813)
"186","52R478M50",2,2,3,0,0,0,0,0,0,0,0,0,0,0,0,0,0,0,0,0,0,0,0,0,0,0,0,0,0,0,0,0,0,0,0,0,0,0,0,0,0,NA,"R","7",7,0,0,0,0,0,0,0,0,52,"R478M50",281818.6314682,4871195.421555,c(281818.631468221, 4871195.42155524)
"187","52R478M60",2,2,6,3,0,16,0,4,0,0,0,0,0,2,18,4,0,0,0,0,0,0,0,0,0,0,0,0,0,0,0,0,0,0,0,0,0,0,0,0,0,NA,"C","57",10,3,20,16,4,0,0,0,0,52,"R478M60",281828.5813887,4871197.362822,c(281828.581388686, 4871197.36282234)
"188","52R478M70",1.5,1.5,4,1,0,0,0,0,0,0,0,0,0,0,0,0,0,0,0,0,0,0,0,0,0,0,0,0,0,0,0,0,0,0,0,0,0,0,0,0,0,NA,"R","8",7,1,0,0,0,0,0,0,0,52,"R478M70",281838.5313092,4871199.304089,c(281838.53130915, 4871199.30408945)
"189","52R478M9.5",2,1.5,6.5,8,27,0,4,0,0,0,0,0,0,0,0,0,0,0,0,0,0,0,0,0,0,0,0,0,0,0,0,0,0,0,0,0,0,0,0,0,0,NA,"R","49",10,8,27,0,0,0,0,4,0,52,"R478M9.5",281778.3342903,4871187.559423,c(281778.334290341, 4871187.55942345)
"190","52R480M10
",2,2,3,0,39,0,0,0,0,0,0,0,0,0,0,0,0,0,0,0,0,0,0,0,0,0,0,0,0,0,0,0,0,0,0,0,0,0,0,0,0,NA,"R","46",7,0,39,0,0,0,0,0,0,52,"R480M10
",281756.3532614,4871195.993045,c(281756.353261411, 4871195.99304519)
"191","52R480M20",2,2,5,6,10,6,0,0,0,0,0,0,0,0,0,0,0,0,0,0,0,0,0,0,0,0,0,0,0,0,0,0,0,0,0,0,0,0,0,0,0,NA,"RF","31",9,6,10,6,0,0,0,0,0,52,"R480M20",281766.4250988,4871197.366552,c(281766.425098822, 4871197.36655268)
"192","52R480M30",3,2.5,4.5,0,29,0,0,0,0,0,0,0,0,0,0,0,0,0,0,0,0,0,0,0,0,0,0,0,0,0,0,0,0,0,0,0,0,0,0,0,0,NA,"RF","39",10,0,29,0,0,0,0,0,0,52,"R480M30",281776.4969362,4871198.74006,c(281776.496936233, 4871198.74006017)
"193","52R480M40",3,3,4,9,0,0,0,0,0,0,0,0,0,0,0,0,0,0,0,0,0,0,0,0,0,0,0,0,0,0,0,0,0,0,0,0,0,0,0,0,0,NA,"R","19",10,9,0,0,0,0,0,0,0,52,"R480M40",281786.5687736,4871200.113567,c(281786.568773644, 4871200.11356766)
"194","52R480M50",2,2,2,0,16,0,0,0,0,0,0,0,0,0,0,0,0,0,0,0,0,0,0,0,0,0,0,0,0,0,0,0,0,0,0,0,0,0,0,0,0,NA,"R","22",6,0,16,0,0,0,0,0,0,52,"R480M50",281796.6406111,4871201.487075,c(281796.640611056, 4871201.48707514)
"195","52R480M59.7",1.5,1,3.5,12,36,0,0,7,0,0,0,0,0,0,0,0,0,0,0,0,0,0,0,0,0,0,0,0,0,0,0,0,0,0,0,0,0,0,0,0,0,NA,"R","61",6,12,36,0,0,0,0,0,0,52,"R480M59.7",281806.4102933,4871202.819377,c(281806.410293344, 4871202.81937741)
"196","52R480M70",4,5,21,0,0,0,0,0,0,0,0,0,0,0,0,0,0,0,0,0,0,0,0,0,0,0,0,0,0,0,0,0,0,0,0,0,0,0,0,0,0,NA,"R","30",30,0,0,0,0,0,0,0,0,52,"R480M70",281816.7842859,4871204.23409,c(281816.784285878, 4871204.23409012)
"197","52R480M80",3,5,12,5,32,0,0,0,0,0,0,0,0,0,0,0,0,0,0,0,0,0,0,0,0,0,0,0,0,0,0,0,0,0,0,0,0,0,0,0,0,NA,"R","57",20,5,32,0,0,0,0,0,0,52,"R480M80",281826.8561233,4871205.607597,c(281826.856123289, 4871205.60759761)
"198","52R480M90",2,5,3,34,0,0,0,0,0,0,0,0,0,0,0,0,0,0,0,0,0,0,0,0,0,0,0,0,0,0,0,0,0,0,0,0,0,0,0,0,0,NA,"R","44",10,34,0,0,0,0,0,0,0,52,"R480M90",281836.9279607,4871206.981105,c(281836.9279607, 4871206.9811051)
"199","52R482M10",1.5,1,3.5,0,15,51,3,4,0,0,0,0,0,0,0,0,0,0,0,0,0,0,0,0,0,0,0,0,0,0,0,0,0,0,0,0,0,0,0,0,0,NA,"C","79",6,0,15,51,0,0,0,3,0,52,"R482M10",281754.8229862,4871205.19177,c(281754.822986187, 4871205.19177077)
"200","52R482M20",2,1,2,4,6,20,10,0,0,0,0,0,0,0,0,0,0,0,0,0,0,0,0,0,0,0,0,0,0,0,0,0,0,0,0,0,0,0,0,0,0,NA,"R","45",5,4,6,20,0,0,0,10,0,52,"R482M20",281764.64427,4871206.605518,c(281764.644270024, 4871206.60551829)
"201","52R482M30",2,3,0,6,13,12,0,0,0,0,0,0,0,0,0,0,0,0,0,0,0,0,0,0,0,0,0,0,0,0,0,4,5,0,0,0,0,0,0,0,0,NA,"R","45",14,6,13,12,0,0,0,0,0,52,"R482M30",281774.4655539,4871208.019265,c(281774.46555386, 4871208.01926581)
"202","52R482M40",1,2,2,0,46,0,0,0,0,0,0,0,0,0,0,0,0,0,0,0,0,0,0,0,0,0,0,0,0,0,0,0,0,0,0,0,0,0,0,0,0,NA,"RF","51",5,0,46,0,0,0,0,0,0,52,"R482M40",281784.2868377,4871209.433013,c(281784.286837697, 4871209.43301333)
"203","52R484M20",1,1,8,0,0,15,10,5,0,0,0,0,0,8,37,0,0,0,0,0,0,0,0,0,0,0,0,0,0,0,0,0,0,0,0,0,0,0,0,0,0,"Typical","C","85",10,0,45,15,0,0,0,10,0,52,"R484M20",281762.8634412,4871215.844483,c(281762.863441225, 4871215.8444839)
"204","52R484M30",1,1,2,0,29,0,0,0,0,0,0,0,0,0,0,0,0,0,0,0,0,0,0,0,0,0,0,0,0,0,0,0,0,0,0,0,0,0,0,0,0,"Bhs","R","33",4,0,29,0,0,0,0,0,0,52,"R484M30",281772.4341715,4871217.298471,c(281772.434171487, 4871217.29847145)
"205","52R484M40",1,1,2,0,13,58,0,0,0,0,0,0,0,0,0,0,0,0,0,0,0,0,0,0,0,0,0,0,0,0,0,0,0,0,0,0,0,0,0,0,0,"Bhs","R","75",4,0,13,58,0,0,0,0,0,52,"R484M40",281782.0049018,4871218.752459,c(281782.00490175, 4871218.752459)
"206","52R484M50",3,5,2,0,21,0,0,0,0,0,0,0,0,0,0,0,0,0,0,0,0,0,0,0,0,0,0,0,0,0,0,6,5,0,0,0,0,0,0,0,0,"Bhs","RF","13",21,0,21,0,0,0,0,0,0,52,"R484M50",281791.575632,4871220.206446,c(281791.575632013, 4871220.20644655)
"207","52R484M60",3,4,15.5,17.5,47,0,9,22,0,0,0,0,0,0,0,0,0,0,0,0,0,0,0,0,0,0,0,0,0,0,0,0,0,0,0,0,0,0,0,0,0,"E","R","38",22.5,17.5,47,0,0,0,0,9,0,52,"R484M60",281801.1463623,4871221.660434,c(281801.146362275, 4871221.6604341)
"208","52R484M70",2,3,7,7,5,0,65,0,0,0,0,0,0,0,0,0,0,0,0,0,0,0,0,0,0,0,0,0,0,0,0,0,0,10,21,0,0,0,0,0,0,"Bhs","R","58",12,7,5,0,0,0,0,65,0,52,"R484M70",281810.7170925,4871223.114421,c(281810.717092537, 4871223.11442165)
"209","52R484M80",4,5,7,13,5,0,0,0,0,0,0,0,0,0,0,0,0,0,0,6,0,0,0,0,0,0,0,0,0,0,0,0,0,0,0,0,0,0,0,0,0,"O","R","12",16,13,5,0,0,0,0,0,0,52,"R484M80",281820.2878228,4871224.568409,c(281820.2878228, 4871224.5684092)
"210","52R484M87",1,1,0,2,0,0,0,0,0,0,0,0,0,0,0,0,0,0,0,0,0,0,0,0,0,0,0,0,0,0,0,3,1,0,0,0,0,0,0,0,0,"O","R","8",6,2,0,0,0,0,0,0,0,52,"R484M87",281826.9607705,4871225.620889,c(281826.960770518, 4871225.6208892)
"211","52R486M0",0.5,0.5,2,0,0,0,0,0,0,0,0,0,0,0,0,0,0,0,0,0,0,0,0,0,0,0,0,0,0,0,0,0,0,0,0,0,0,0,0,0,0,"O","R","3",3,0,0,0,0,0,0,0,0,52,"R486M0",281742.1632115,4871222.32814,c(281742.16321145, 4871222.32814025)
"212","52R486M10",2,2,6,0,0,0,0,0,0,0,0,0,0,0,0,0,0,0,0,0,0,0,0,0,0,0,0,0,0,0,0,0,0,0,0,0,0,0,0,0,0,"O","R","10",10,0,0,0,0,0,0,0,0,52,"R486M10",281751.7559797,4871223.796982,c(281751.755979693, 4871223.79698244)
"213","52R486M20",0.5,0.5,3,0,0,0,0,0,0,0,0,0,0,0,0,0,0,0,0,0,0,0,0,0,0,0,0,0,0,0,0,0,0,0,0,0,0,0,0,0,0,"O","R","4",4,0,0,0,0,0,0,0,0,52,"R486M20",281761.3487479,4871225.265824,c(281761.348747935, 4871225.26582463)
"214","52R486M30",1,2,6,0,41,15,0,11,0,0,0,0,0,0,0,0,0,0,0,0,0,0,0,0,0,0,0,0,0,0,0,0,0,0,0,0,0,0,0,0,0,"Bhs","R","76",9,0,41,15,0,0,0,0,0,52,"R486M30",281770.9415162,4871226.734666,c(281770.941516178, 4871226.73466682)
"215","52R486M50",1,1,4,9,0,0,0,0,0,0,0,0,0,0,0,0,0,0,0,0,0,0,0,0,0,0,0,0,0,0,0,0,0,0,0,0,0,0,0,0,0,"E","R","15",6,9,0,0,0,0,0,0,0,52,"R486M50",281790.1270527,4871229.672351,c(281790.127052664, 4871229.67235121)
"216","52R486M60",0.5,0.5,3,0,0,0,0,0,0,0,0,0,0,0,0,0,0,0,0,0,0,0,0,0,0,0,0,0,0,0,0,0,0,0,0,0,0,0,0,0,0,"O","R","4",4,0,0,0,0,0,0,0,0,52,"R486M60",281799.7198209,4871231.141193,c(281799.719820906, 4871231.1411934)
"217","52R486M70.5",2,1,9,11,0,0,0,0,0,0,0,0,0,0,0,0,0,0,0,0,0,0,0,0,0,0,0,0,0,0,0,0,0,0,0,0,0,0,0,0,0,"E","R","23",12,11,0,0,0,0,0,0,0,52,"R486M70.5",281809.7825172,4871232.791044,c(281809.782517224, 4871232.79104451)
"218","52R486M80",4,3,0,4,0,0,0,0,0,0,0,0,0,0,0,0,0,0,0,0,0,0,0,0,0,0,0,0,0,0,0,6,4,0,0,0,0,0,0,0,0,"E","R","21",17,4,0,0,0,0,0,0,0,52,"R486M80",281818.9690851,4871234.451267,c(281818.969085121, 4871234.45126762)
"219","52R488M0",2,3,7,9,39,0,5,1,0,0,0,0,0,0,0,0,0,0,0,0,0,0,0,0,0,0,0,0,0,0,0,0,0,0,0,0,0,0,0,0,0,"Bhs","C","66",12,9,39,0,0,0,0,5,0,52,"R488M0",281740.7776506,4871233.171922,c(281740.7776506, 4871233.1719222)
"220","52R488M10",1,2,5,10,0,0,5,10,0,0,0,0,0,7,35,0,0,0,0,0,0,0,0,0,0,0,0,0,0,0,0,0,0,0,0,0,0,0,0,0,0,"Bhs","C","75",8,10,42,0,0,0,0,5,0,52,"R488M10",281750.3635888,4871234.413594,c(281750.363588756, 4871234.41359395)
"221","52R488M20",2,2,5,5,5,8,40,11,0,0,0,0,0,0,0,0,0,0,0,0,0,0,0,0,0,0,0,0,0,0,0,0,0,0,0,0,0,0,0,0,0,"Bhs","C","78",9,5,5,8,0,0,0,40,0,52,"R488M20",281759.9495269,4871235.655265,c(281759.949526912, 4871235.6552657)
"222","52R488M30",2,2,7,5,2,35,0,14,0,0,0,0,0,0,0,0,0,0,0,0,0,0,0,0,0,0,0,0,0,0,0,0,0,0,0,0,0,0,0,0,0,"Bhs","C","67",11,5,2,35,0,0,0,0,0,52,"R488M30",281769.5354651,4871236.896937,c(281769.535465069, 4871236.89693745)
"223","52R488M40",1,2,7,0,0,0,0,0,0,0,0,0,0,0,0,0,0,0,0,0,0,0,0,0,0,0,0,0,0,0,0,0,0,0,0,0,0,0,0,0,0,"O","R","10",10,0,0,0,0,0,0,0,0,52,"R488M40",281779.1214032,4871238.138609,c(281779.121403225, 4871238.1386092)
"224","52R488M50",3,1,6,0,0,0,0,0,0,0,0,0,0,0,22,0,0,0,0,0,0,0,0,0,0,0,0,0,0,0,18,0,0,0,0,0,0,0,0,0,0,"Bhs","R","50",10,18,40,0,0,0,0,0,0,52,"R488M50",281788.7073414,4871239.380281,c(281788.707341381, 4871239.38028095)
"225","52R488M60",1,2,1,2,4,62,0,0,0,0,0,0,0,0,0,3,0,0,0,0,0,0,0,0,0,0,0,0,0,0,0,0,0,0,0,0,0,0,0,0,0,"Bimodal","Bh?","75",4,2,4,62,3,0,0,0,0,52,"R488M60",281798.2932795,4871240.621952,c(281798.293279537, 4871240.6219527)
"226","52R488M70",2,2,5,0,0,0,0,0,0,0,0,0,0,0,0,0,0,0,0,0,0,0,0,0,0,0,0,0,0,0,0,0,0,0,0,0,0,0,0,0,0,"O","R","9",9,0,0,0,0,0,0,0,0,52,"R488M70",281807.9303209,4871242.446535,c(281807.930320923, 4871242.44653567)
"227","52R490M0",1,1,2,3,3,50,0,0,0,0,0,0,0,0,0,0,0,0,0,0,0,0,0,0,0,0,0,0,0,20,0,0,0,0,0,0,0,0,0,0,0,"Bhs","?","80",4,3,3,50,20,0,0,0,0,52,"R490M0",281739.045673,4871241.111403,c(281739.04567295, 4871241.11140315)
"228","52R490M10",1,2,1,3,33,0,30,0,0,0,0,0,0,0,0,0,0,0,0,0,0,0,0,0,0,0,0,0,0,0,0,0,0,0,0,0,0,0,0,0,0,"Bhs","R","70",4,3,33,0,0,0,0,30,0,52,"R490M10",281748.6825172,4871242.609954,c(281748.682517153, 4871242.60995463)
"229","52R490M20.7",2,2,2,4,30,0,29,0,0,0,0,0,0,0,0,0,0,0,0,0,0,0,0,0,0,0,0,0,0,0,0,0,0,0,0,0,0,0,0,0,0,"Bhs","R","69",6,4,30,0,0,0,0,29,0,52,"R490M20.7",281758.9939405,4871244.213404,c(281758.99394045, 4871244.2134047)
"230","52R490M30",1,1,3,2,31,0,0,0,0,0,0,0,0,0,0,0,0,0,0,0,0,0,0,0,0,0,0,0,0,0,0,0,0,0,0,0,0,0,0,0,0,"Bhs","R","38",5,2,31,0,0,0,0,0,0,52,"R490M30",281767.9562056,4871245.607057,c(281767.956205559, 4871245.60705758)
"231","52R490M40",1,2,5,0,5,0,0,0,0,0,0,0,0,0,0,0,0,0,0,0,0,0,0,0,0,0,0,0,0,0,0,0,0,0,0,0,0,0,0,0,0,"Bhs","R","13",8,0,5,0,0,0,0,0,0,52,"R490M40",281777.5930498,4871247.105609,c(281777.593049762, 4871247.10560905)
"232","52R490M51",2,2,2,0,50,0,0,0,0,0,0,0,0,0,0,0,0,0,0,0,0,0,0,0,0,0,0,0,0,0,0,0,0,0,0,0,0,0,0,0,0,"Bhs","R","56",6,0,50,0,0,0,0,0,0,52,"R490M51",281788.1935784,4871248.754015,c(281788.193578386, 4871248.75401567)
"233","52R490M59",1,1,3,5,8,12,0,0,0,0,0,0,0,0,0,0,0,0,0,0,0,0,0,0,0,0,0,0,0,0,0,0,0,0,0,0,0,0,0,0,0,"Bhs","R","30",5,5,8,12,0,0,0,0,0,52,"R490M59",281795.9030537,4871249.952856,c(281795.903053748, 4871249.95285685)
"234","52R490M70",5,4,4,16,0,0,0,0,0,0,0,0,0,0,0,0,0,0,0,0,0,0,0,0,0,0,0,0,0,0,0,0,0,0,0,0,0,0,0,0,0,"E","R","29",13,16,0,0,0,0,0,0,0,52,"R490M70",281806.4701163,4871251.874362,c(281806.470116253, 4871251.87436284)
"235","52R492M0",4,5,2,0,24.5,0,0,0,0,0,0,0,0,0,0,0,0,0,0,0,0,0,0,0,0,0,0,0,0,0,0,0,0,0,0,0,0,0,0,0,0,"Bhs","R","35.5",11,0,24.5,0,0,0,0,0,0,52,"R492M0",281737.4869037,4871250.503034,c(281737.4869037, 4871250.5030346)
"236","52R492M10",6,8,2,0,12,0,0,0,0,0,0,0,0,0,0,0,0,0,0,0,0,0,0,0,0,0,0,0,0,0,0,0,0,0,0,0,0,0,0,0,0,"Bhs","R","28",16,0,12,0,0,0,0,0,0,52,"R492M10",281747.1457859,4871252.01644,c(281747.145785883, 4871252.01644072)
"237","52R492M20",2,2,0.5,2,0,0,0,0,0,0,0,0,0,0,0,0,0,0,0,0,0,0,0,0,0,0,0,0,0,0,0,0,0,0,0,0,0,0,0,0,0,"E","R","6.5",4.5,2,0,0,0,0,0,0,0,52,"R492M20",281756.8046681,4871253.529846,c(281756.804668067, 4871253.52984683)
"238","52R492M30",3,5,2,0,0,0,0,0,0,0,0,0,0,0,0,0,0,0,0,0,0,0,0,0,0,0,0,0,0,0,0,0,0,0,0,0,0,0,0,0,0,"O","R","10",10,0,0,0,0,0,0,0,0,52,"R492M30",281766.4635503,4871255.043252,c(281766.46355025, 4871255.04325295)
"239","52R492M40",3,2,2,0,37,0,0,0,0,0,0,0,0,0,0,0,0,0,0,0,0,0,0,0,0,0,0,0,0,0,0,0,0,0,0,0,0,0,0,0,0,"Bhs","R","44",7,0,37,0,0,0,0,0,0,52,"R492M40",281776.1224324,4871256.556659,c(281776.122432433, 4871256.55665907)
"240","52R492M50",4,3,2,0,26,0,0,7,0,0,0,0,0,0,0,0,0,0,0,0,0,0,0,0,0,0,0,0,19,0,0,0,0,0,0,0,0,0,0,0,0,"Bhs","R","61",9,19,26,0,0,19,0,0,0,52,"R492M50",281785.7813146,4871258.070065,c(281785.781314617, 4871258.07006518)
"241","52R492M60",1,2,0,0,0,0,0,0,0,0,0,0,0,0,0,0,0,0,0,0,0,0,0,0,0,0,0,0,0,0,0,0,0,0,0,0,0,0,0,0,0,"O","R","3",3,0,0,0,0,0,0,0,0,52,"R492M60",281795.4401968,4871259.583471,c(281795.4401968, 4871259.5834713)
"242","52R494M0",2.5,2.5,2,31.5,0,0,0,0,0,0,0,0,0,0,0,0,0,0,0,0,0,0,0,0,0,0,0,0,0,0,0,0,0,0,0,0,0,0,0,0,0,"E","R","38.5",7,31.5,0,0,0,0,0,0,0,52,"R494M0",281736.3860854,4871260.166733,c(281736.3860854, 4871260.1667338)
"243","52R494M10",4,9,0,0,0,0,0,0,0,0,0,0,0,0,0,0,0,0,0,0,0,0,0,0,0,0,0,0,0,0,0,0,0,0,0,0,0,0,0,0,0,"O","R","13",13,0,0,0,0,0,0,0,0,52,"R494M10",281745.9280564,4871261.6993,c(281745.928056373, 4871261.69930045)
"244","52R494M30",5,4,4,12,0,0,0,0,0,0,0,0,0,0,0,0,0,0,0,0,0,0,0,0,0,0,0,0,0,0,0,0,0,0,0,0,0,0,0,0,0,"E","R","25",13,12,0,0,0,0,0,0,0,52,"R494M30",281765.0119983,4871264.764433,c(281765.011998318, 4871264.76443374)
"245","52R494M40",2.5,2.5,2,0,0,0,0,0,0,0,0,0,0,0,0,0,0,0,0,0,0,0,0,0,0,0,0,0,0,0,0,0,0,0,0,0,0,0,0,0,0,"O","R","7",7,0,0,0,0,0,0,0,0,52,"R494M40",281774.5539693,4871266.297,c(281774.55396929, 4871266.29700039)
"246","52R494M50",3,3,1,0,33,0,0,0,0,0,0,0,0,0,0,0,0,0,0,0,0,0,0,0,0,0,0,0,0,0,0,0,0,0,0,0,0,0,0,0,0,"Bhs","R","40",7,0,33,0,0,0,0,0,0,52,"R494M50",281784.0959403,4871267.829567,c(281784.095940263, 4871267.82956703)
"247","52R494M60",2,4,0,0,0,0,0,0,0,0,0,0,0,0,0,0,0,0,0,0,0,0,0,0,0,0,0,0,0,0,0,0,0,0,0,0,0,0,0,0,0,"O","R","6",6,0,0,0,0,0,0,0,0,52,"R494M60",281793.4718761,4871269.334475,c(281793.471876098, 4871269.33447576)
"248","52R496M0",4,4,1,14.5,0,0,0,0,0,0,0,0,0,0,0,0,0,0,0,0,0,0,0,0,0,0,0,0,0,0,0,0,0,0,0,0,0,0,0,0,0,"E","R","23.5",9,14.5,0,0,0,0,0,0,0,52,"R496M0",281735.2852671,4871269.830433,c(281735.2852671, 4871269.830433)
"249","52R496M10",0.5,1.5,1,0,0,0,0,0,0,0,0,0,0,0,0,0,0,0,0,0,0,0,0,0,0,0,0,0,0,0,0,0,0,0,0,0,0,0,0,0,0,"O","R","3",3,0,0,0,0,0,0,0,0,52,"R496M10",281744.7103269,4871271.38216,c(281744.710326862, 4871271.38216018)
"250","52R496M30",1,3,0.5,0,26,0,0,0,0,0,0,0,0,0,0,0,0,0,0,0,0,0,0,0,0,0,0,0,0,0,0,0,0,0,0,0,0,0,0,0,0,"Bhs","R","30.5",4.5,0,26,0,0,0,0,0,0,52,"R496M30",281763.5604464,4871274.485614,c(281763.560446385, 4871274.48561453)
"251","52R496M40",1.5,2.5,3,0,38,0,0,0,0,0,0,0,0,0,0,0,0,0,0,0,0,0,0,0,0,0,0,0,0,0,0,0,0,0,0,0,0,0,0,0,0,"Bhs","R","45",7,0,38,0,0,0,0,0,0,52,"R496M40",281772.9855061,4871276.037341,c(281772.985506147, 4871276.03734171)
"252","52R496M50",1,2,2,5,0,0,0,0,0,0,0,0,0,0,0,0,0,0,0,0,0,0,0,0,0,0,0,0,0,0,0,0,0,0,0,0,0,0,0,0,0,"E","R","10",5,5,0,0,0,0,0,0,0,52,"R496M50",281782.4105659,4871277.589068,c(281782.410565909, 4871277.58906889)
"253","52R498M0",2,1,1,0,0,0,0,0,0,0,0,0,0,0,0,0,0,0,0,0,0,0,0,0,0,0,0,0,0,0,0,0,0,0,0,0,0,0,0,0,0,"O","R","4",4,0,0,0,0,0,0,0,0,52,"R498M0",281734.1844488,4871279.494132,c(281734.1844488, 4871279.4941322)
"254","52R498M10",0,0,0,0,0,0,0,0,0,0,0,0,0,0,0,0,0,0,0,0,0,0,0,0,0,0,0,0,0,0,0,0,0,0,0,0,0,0,0,0,0,NA,"R","0",0,0,0,0,0,0,0,0,0,52,"R498M10",281743.4925974,4871281.065019,c(281743.492597351, 4871281.06501991)
"255","52R498M20",3,2,1,1,0,0,0,0,0,0,0,0,0,0,0,0,0,0,0,0,0,0,0,0,0,0,0,0,0,0,0,0,0,0,0,0,0,0,0,0,0,"E","R","7",6,1,0,0,0,0,0,0,0,52,"R498M20",281752.8007459,4871282.635907,c(281752.800745902, 4871282.63590762)
"256","52R498M30",5.5,4.5,1,0,14.5,0,0,0,0,0,0,0,0,0,0,0,0,0,0,0,0,0,0,0,0,0,0,0,0,0,0,0,0,0,0,0,0,0,0,0,0,"Bhs","R","25.5",11,0,14.5,0,0,0,0,0,0,52,"R498M30",281762.1088945,4871284.206795,c(281762.108894453, 4871284.20679533)
"257","52R498M40",2,2,2.5,16,0,0,0,0,0,0,0,0,0,0,0,0,0,0,0,0,0,0,0,0,0,0,0,0,0,0,0,0,0,0,0,0,0,0,0,0,0,"E","R","22.5",6.5,16,0,0,0,0,0,0,0,52,"R498M40",281771.417043,4871285.777683,c(281771.417043003, 4871285.77768304)
"258","52R498M47",3,2,2.5,4.5,43,3,0,0,0,0,0,0,0,0,0,0,0,0,0,0,0,0,0,0,0,0,0,0,0,0,0,0,0,0,0,0,0,0,0,0,0,"Bhs","R","58",7.5,4.5,43,3,0,0,0,0,0,52,"R498M47",281777.932747,4871286.877304,c(281777.932746989, 4871286.87730443)
"259","52R500M0",1.5,1.5,0.5,9.5,0,0,0,0,0,0,0,0,0,0,0,0,0,0,0,0,0,0,0,0,0,0,0,0,0,0,0,0,0,0,0,0,0,0,0,0,0,"E","R","13",3.5,9.5,0,0,0,0,0,0,0,52,"R500M0",281733.0836305,4871289.157831,c(281733.0836305, 4871289.1578314)
"260","52R500M10",3,4,3,0,0,0,0,0,0,0,0,0,0,0,0,0,0,0,0,0,0,0,0,0,0,0,0,0,0,0,0,0,0,0,0,0,0,0,0,0,0,"E","R","10",10,0,0,0,0,0,0,0,0,52,"R500M10",281742.2748678,4871290.747879,c(281742.27486784, 4871290.74787964)
"261","52R500M20",3.5,2.5,0.5,0,0,0,0,0,0,0,0,0,0,0,0,0,0,0,0,0,0,0,0,0,0,0,0,0,0,0,0,0,0,0,0,0,0,0,0,0,0,"O","R","6.5",6.5,0,0,0,0,0,0,0,0,52,"R500M20",281751.4661052,4871292.337927,c(281751.46610518, 4871292.33792788)
"262","52R500M30",4,5.5,0.5,15,0,0,0,0,0,0,0,0,0,0,0,0,0,0,0,0,0,0,0,0,0,0,0,0,0,0,0,0,0,0,0,0,0,0,0,0,0,"E","R","25",10,15,0,0,0,0,0,0,0,52,"R500M30",281760.6573425,4871293.927976,c(281760.65734252, 4871293.92797612)
"263","52R500M40",2,1,2,0,0,0,0,0,0,0,0,0,0,0,0,0,0,0,0,0,0,0,0,0,0,0,0,0,0,0,0,0,0,0,0,0,0,0,0,0,0,"O","R","5",5,0,0,0,0,0,0,0,0,52,"R500M40",281769.8485799,4871295.518024,c(281769.84857986, 4871295.51802436)
"264","52R500M50",1,4,1,0,0,0,0,0,0,0,0,0,0,23,27,0,0,0,0,0,0,0,0,0,0,0,0,0,0,0,0,0,0,0,0,0,0,0,0,0,0,"Bhs","R","56",6,0,50,0,0,0,0,0,0,52,"R500M50",281779.0398172,4871297.108072,c(281779.0398172, 4871297.1080726)
"265","86R1C1",3,5,3.5,3.5,6,21,80.5,0,0,0,0,0,0,0,0,0,0,0,0,0,0,0,0,0,0,0,0,0,0,0,0,0,0,0,0,0,0,0,0,0,0,NA,"C","72",11.5,3.5,6,21,0,0,0,80.5,0,86,"R1C1",281784.0467,4870629.610021,c(281784.0466968, 4870629.610021)
"266","86R1C2",4,6,6,4,3.5,10.5,72.5,0,0,0,0,0,0,0,0,0,0,0,0,0,0,0,0,0,0,0,0,0,0,0,0,0,0,0,0,0,0,0,0,0,0,NA,"C","79",16,4,3.5,10.5,0,0,0,72.5,0,86,"R1C2",281786.3545957,4870625.519267,c(281786.354595713, 4870625.51926754)
"267","86R1C3",5,8,3,4,8,18,20,0,0,0,0,0,0,0,0,0,0,0,0,0,0,0,0,0,0,0,0,0,0,0,0,0,0,0,0,0,0,0,0,0,0,NA,"C","61",16,4,8,18,0,0,0,20,0,86,"R1C3",281788.6624946,4870621.428514,c(281788.662494625, 4870621.42851407)
"268","86R1C4",4,5,17,4.5,4.5,17.5,44,0,45.5,0,0,0,0,0,0,0,0,0,0,0,0,0,0,0,0,0,0,0,0,0,0,0,0,0,0,0,0,0,0,0,0,NA,"C","76",26,4.5,4.5,17.5,45.5,0,0,44,0,86,"R1C4",281790.9703935,4870617.33776,c(281790.970393537, 4870617.33776061)
"269","86R1C5",6.5,6.5,5,0,23,0,36,0,0,0,0,0,0,0,0,0,0,0,0,0,0,0,0,0,0,0,0,0,0,0,0,0,0,0,0,0,0,0,0,0,0,NA,"RF","77",18,0,23,0,0,0,0,36,0,86,"R1C5",281793.2782925,4870613.247007,c(281793.27829245, 4870613.24700715)
"270","86R1C6",4,5,6,1.5,3,19.5,77,0,0,0,0,0,0,0,0,0,0,0,0,0,0,0,0,0,0,0,0,0,0,0,0,0,0,0,0,0,0,0,0,0,0,NA,"C","87",15,1.5,3,19.5,0,0,0,77,0,86,"R1C6",281795.5861914,4870609.156253,c(281795.586191362, 4870609.15625369)
"271","86R1C7",5,7,5.5,0.5,6,13,4,0,0,0,0,0,0,0,0,0,0,0,0,0,0,0,0,0,0,0,0,0,0,0,0,0,0,0,0,0,0,0,0,0,0,NA,"RF","41",17.5,0.5,6,13,0,0,0,4,0,86,"R1C7",281797.8940903,4870605.0655,c(281797.894090275, 4870605.06550022)
"272","86R1C8",5,6,11,8,2,4,5,0,0,35,0,0,0,0,0,0,0,0,0,0,0,0,0,0,0,0,0,0,0,0,0,0,0,0,0,0,0,0,0,0,0,NA,"C","59",22,8,2,4,0,0,0,5,0,86,"R1C8",281800.2019892,4870600.974746,c(281800.201989188, 4870600.97474676)
"273","86R1C9",4,4,8,2,4,0,0,42,0,0,0,0,0,0,0,0,0,0,0,0,0,0,0,0,0,0,0,0,0,0,0,0,0,0,0,0,0,0,0,0,0,NA,"C","64",16,2,4,0,0,0,0,0,0,86,"R1C9",281802.5098881,4870596.883993,c(281802.5098881, 4870596.8839933)
"274","86R456C10",4,3,9,4,0,14,22,0,0,0,0,0,0,0,0,0,0,0,0,0,0,0,0,0,0,0,0,0,0,0,0,0,0,0,0,0,0,0,0,0,0,NA,"RF","56",16,4,0,14,0,0,0,22,0,86,"R456C10",281802.452647,4870621.205781,c(281802.452647, 4870621.20578193)
"275","86R456C12",4,5,2,0,23,0,0,0,0,0,0,0,0,0,0,0,0,0,0,0,0,0,0,0,0,0,0,0,0,0,0,0,0,0,0,0,0,0,0,0,0,NA,"RF","34",11,0,23,0,0,0,0,0,0,86,"R456C12",281807.6117316,4870613.443122,c(281807.6117316, 4870613.44312217)
"276","86R456C14",3,2,2,1,2,3,8,1,0,0,0,0,0,0,0,0,0,0,0,0,11,0,0,0,0,30,14,6,0,0,0,0,0,0,0,0,0,0,0,0,0,NA,"C","83",7,12,2,3,0,0,0,58,0,86,"R456C14",281812.7708162,4870605.680462,c(281812.7708162, 4870605.6804624)
"277","86R456C8",3,3,3,3,4,11,15,7,0,0,0,0,0,0,0,0,0,0,0,0,0,0,0,0,0,0,0,0,0,0,0,0,0,0,0,0,0,0,0,0,0,NA,"C","49",9,3,4,11,0,0,0,15,0,86,"R456C8",281797.2935624,4870628.968441,c(281797.2935624, 4870628.9684417)
"278","86R458C10",3,8,9,3,3,6,0,0,0,0,0,0,0,0,0,0,0,0,0,0,0,0,0,0,0,0,0,0,0,0,0,0,0,0,0,0,0,0,0,0,0,NA,"RF","32",20,3,3,6,0,0,0,0,0,86,"R458C10",281810.2195013,4870626.521097,c(281810.219501338, 4870626.52109733)
"279","86R458C12",4,5,27,0,0,0,20,0,0,0,0,0,0,0,0,18,0,0,0,0,0,0,0,0,0,0,0,0,0,0,0,0,0,0,0,0,0,0,0,0,0,NA,"R","74",36,0,0,0,18,0,0,20,0,86,"R458C12",281815.6405992,4870618.481598,c(281815.640599225, 4870618.48159841)
"280","86R458C14",4,2,2,0,7,0,22,0,0,0,0,0,0,0,0,0,0,0,0,0,5,5,6,47,11,0,0,0,0,0,0,0,0,0,0,0,0,0,0,0,0,NA,"BCb''","111",8,11,7,47,0,0,0,38,0,86,"R458C14",281821.0616971,4870610.442099,c(281821.061697113, 4870610.44209949)
"281","86R458C8",4,13,16,0,14,8,0,7,0,0,0,0,0,0,0,0,0,0,0,0,0,0,0,0,0,0,0,0,0,0,0,0,0,0,0,0,0,0,0,0,0,NA,"C","62",33,0,14,8,0,0,0,0,0,86,"R458C8",281804.7984035,4870634.560596,c(281804.79840345, 4870634.56059625)
"282","86R460C10",4,5,9,1,0,41,1,0,0,0,0,0,0,1,14,0,0,0,0,0,0,0,0,0,0,0,0,0,0,0,0,0,0,0,0,0,0,0,0,0,0,NA,"RF","76",18,1,15,41,0,0,0,1,0,86,"R460C10",281817.9863557,4870631.836412,c(281817.986355675, 4870631.83641273)
"283","86R460C12",5,6,9,0,0,0,6,0,0,0,0,0,0,0,0,34,0,0,0,0,0,0,0,0,0,0,0,0,0,0,0,0,0,0,0,0,0,0,0,0,0,NA,"RF","60",20,0,0,0,34,0,0,6,0,86,"R460C12",281823.6694669,4870623.520074,c(281823.66946685, 4870623.52007465)
"284","86R460C14",4,3,5,1,1,34,16,0,0,0,0,0,0,0,0,0,0,0,0,0,0,0,0,0,0,0,0,0,0,0,0,0,0,0,0,0,0,0,0,0,0,NA,"RF","64",12,1,1,34,0,0,0,16,0,86,"R460C14",281829.352578,4870615.203736,c(281829.352578025, 4870615.20373658)
"285","86R460C16",3,4,16,0,7,23,10,14,0,0,0,0,0,0,0,0,0,0,0,0,0,0,0,0,0,0,0,0,0,0,0,0,0,0,0,0,0,0,0,0,0,NA,"C","77",23,0,7,23,0,0,0,10,0,86,"R460C16",281835.0356892,4870606.887398,c(281835.0356892, 4870606.8873985)
"286","86R460C8",4,10,18,0.5,17.5,0,10,0,0,0,0,0,0,0,0,0,0,0,0,0,0,0,0,0,0,0,0,0,0,0,0,0,0,0,0,0,0,0,0,0,0,NA,"C","60",32,0.5,17.5,0,0,0,0,10,0,86,"R460C8",281812.3032445,4870640.15275,c(281812.3032445, 4870640.1527508)
"287","86R462C10",4,1,2,1,5,0,26,0,0,0,0,16,13,0,0,0,0,0,0,0,0,0,0,0,0,0,0,0,0,0,0,0,0,0,0,0,0,0,0,0,0,NA,"RF","68",7,1,5,29,0,0,0,26,0,86,"R462C10",281824.6183402,4870637.344493,c(281824.61834015, 4870637.34449338)
"288","86R462C12",5,5,9,0,41,0,0,0,0,0,0,0,0,0,0,0,0,0,0,0,0,0,0,0,0,0,0,0,0,0,0,0,0,0,0,0,0,0,0,0,0,NA,"RF","60",19,0,41,0,0,0,0,0,0,86,"R462C12",281830.2750493,4870628.88848,c(281830.2750493, 4870628.88848047)
"289","86R462C14",4,8,7,0,0,0,0,0,0,0,0,0,0,0,0,0,0,0,0,0,0,0,0,0,0,0,0,0,0,0,0,0,0,0,0,0,0,0,0,0,0,NA,"R","19",19,0,0,0,0,0,0,0,0,86,"R462C14",281835.9317585,4870620.432467,c(281835.93175845, 4870620.43246755)
"290","86R462C16",3,1,2,0.5,2.5,51,0,0,0,0,0,0,0,0,0,0,0,0,0,0,0,0,0,0,0,0,0,0,0,0,0,0,0,0,0,0,0,0,0,0,0,NA,"RF","60",6,0.5,2.5,51,0,0,0,0,0,86,"R462C16",281841.5884676,4870611.976454,c(281841.5884676, 4870611.97645463)
"291","86R462C18",3,7,10,0,46,18,3,0,0,0,0,0,0,0,0,0,0,0,0,0,0,0,0,0,0,0,0,0,0,0,0,0,0,0,0,0,0,0,0,0,0,NA,"RF","87",20,0,46,18,0,0,0,3,0,86,"R462C18",281847.2451768,4870603.520441,c(281847.24517675, 4870603.52044172)
"292","86R462C20",2,2,4,1,0,3,0,0,0,0,0,0,0,5,32,0,0,0,0,0,0,0,0,0,0,0,0,0,0,0,0,0,0,0,0,0,0,0,0,0,0,NA,"RF","49",8,1,37,3,0,0,0,0,0,86,"R462C20",281852.9018859,4870595.064428,c(281852.9018859, 4870595.0644288)
"293","86R462C8",3,3,6,4,3,27,0,0,0,0,0,0,0,0,0,0,0,0,0,0,0,0,0,0,0,0,0,0,0,0,0,0,0,0,0,0,0,0,0,0,0,NA,"RF","46",12,4,3,27,0,0,0,0,0,86,"R462C8",281818.961631,4870645.800506,c(281818.961631, 4870645.8005063)
"294","86R464C10",4,4,8,5,7,9,0,14,0,0,0,0,0,0,0,0,0,0,0,0,0,0,0,0,0,0,0,0,0,0,0,0,0,0,0,0,0,0,0,0,0,NA,"C","51",16,5,7,9,0,0,0,0,0,86,"R464C10",281837.9611281,4870638.659321,c(281837.96112806, 4870638.65932122)
"295","86R464C12",4,3,2,3,3,26,0,0,0,0,0,0,0,0,0,0,0,0,0,0,0,0,0,0,0,0,0,0,0,0,0,0,0,0,0,0,0,0,0,0,0,NA,"RF","41",9,3,3,26,0,0,0,0,0,86,"R464C12",281844.6041291,4870628.065249,c(281844.60412912, 4870628.06524974)
"296","86R464C14",6,13,3,0,42,0,6,0,0,0,0,0,0,0,0,0,0,4,7,0,0,0,0,0,0,0,0,0,0,0,0,0,0,0,0,0,0,0,0,0,0,NA,"R","81",22,11,42,0,0,0,0,6,0,86,"R464C14",281851.2471302,4870617.471178,c(281851.24713018, 4870617.47117826)
"297","86R464C16",6,5,14,4,0,18,20,30,0,0,0,0,0,0,0,0,0,0,0,0,0,0,0,0,0,0,0,0,0,0,0,0,0,0,0,0,0,0,0,0,0,NA,"R","97",25,4,0,18,0,0,0,20,0,86,"R464C16",281857.8901312,4870606.877106,c(281857.89013124, 4870606.87710678)
"298","86R464C18",4,3,4,1,0,35,35,0,0,0,0,0,0,0,0,0,0,0,0,0,0,0,0,0,0,0,0,0,0,0,0,0,0,0,0,0,0,0,0,0,0,NA,"R","82",11,1,0,35,0,0,0,35,0,86,"R464C18",281864.5331323,4870596.283035,c(281864.5331323, 4870596.2830353)
"299","86R464C8",3,10,5,0,28,0,0,0,0,0,0,0,0,0,0,0,0,0,0,0,0,0,0,0,0,0,0,0,0,0,0,0,0,0,0,0,0,0,0,0,0,NA,"RF","46",18,0,28,0,0,0,0,0,0,86,"R464C8",281831.318127,4870649.253392,c(281831.318127, 4870649.2533927)
"300","86R466C12",5,8,4,5,3,26,0,0,0,0,0,0,0,0,0,0,0,0,0,0,0,0,0,0,0,0,0,0,0,0,0,0,0,0,0,0,0,0,0,0,0,NA,"R","51",17,5,3,26,0,0,0,0,0,86,"R466C12",281851.6705268,4870635.744578,c(281851.67052675, 4870635.74457883)
"301","86R466C14",4,5,10,0,17,0,34,0,0,0,0,0,0,0,0,0,0,0,0,0,0,0,0,0,0,0,0,0,0,0,0,0,0,0,0,0,0,0,0,0,0,NA,"R","70",19,0,17,0,0,0,0,34,0,86,"R466C14",281857.6412005,4870625.822215,c(281857.64120046, 4870625.82221502)
"302","86R466C16",4,4,3,6,0,30,0,0,0,0,0,0,0,0,0,0,0,0,0,7,0,0,0,0,0,0,0,0,0,0,0,0,0,0,0,0,0,0,0,0,0,NA,"RF","54",11,6,0,30,0,0,0,0,0,86,"R466C16",281863.6118742,4870615.899851,c(281863.61187417, 4870615.89985122)
"303","86R466C18",5,3,3,3,7,33,9,0,0,0,0,0,0,0,0,0,0,0,0,0,0,0,0,0,0,0,0,0,0,0,0,0,0,0,0,0,0,0,0,0,0,NA,"R","63",11,3,7,33,0,0,0,9,0,86,"R466C18",281869.5825479,4870605.977487,c(281869.58254788, 4870605.9774874)
"304","86R468C12",4,4.5,3.5,4,8,0,0,0,0,0,0,36,9,0,0,0,0,0,0,0,0,0,0,0,0,0,0,0,0,0,0,0,0,0,0,0,0,0,0,0,0,NA,"RF","69",12,4,8,45,0,0,0,0,0,86,"R468C12",281858.7369244,4870643.423907,c(281858.73692438, 4870643.42390793)
"305","86R470C12",5,1,2,3,1,35,0,0,0,0,0,0,0,0,0,0,0,0,0,0,0,0,0,0,0,0,0,0,0,0,0,0,0,0,0,0,0,0,0,0,0,NA,"R","47",8,3,1,35,0,0,0,0,0,86,"R470C12",281867.324097,4870649.204201,c(281867.32409703, 4870649.20420114)
"306","86R470C14",4,3,5,0,0,0,0,0,0,0,0,0,0,3,36,0,0,0,0,0,0,0,0,0,0,0,0,0,0,0,0,0,0,0,0,0,0,0,0,0,0,NA,"R","51",12,0,39,0,0,0,0,0,0,86,"R470C14",281872.1682303,4870640.494688,c(281872.16823029, 4870640.49468822)
"307","86R470C16",5,2,2,5,4,22,30,0,0,0,0,0,0,0,0,0,0,0,0,0,0,0,0,0,0,0,0,0,0,0,0,0,0,0,0,0,0,0,0,0,0,NA,"RF","70",9,5,4,22,0,0,0,30,0,86,"R470C16",281877.0123636,4870631.785175,c(281877.01236355, 4870631.7851753)
"308","86R470C18",9,6,5,0,12,0,0,0,0,0,0,0,0,0,0,0,0,3,17,0,0,0,0,0,0,0,0,0,0,0,0,0,0,0,0,0,0,0,0,0,0,NA,"R","52",20,20,12,0,0,0,0,0,0,86,"R470C18",281881.8564968,4870623.075662,c(281881.85649681, 4870623.07566238)
"309","86R472C12",5,7,9,3,0,0,0,0,0,0,0,0,0,0,0,0,0,0,0,0,0,0,0,0,0,0,0,0,0,0,0,0,0,0,0,0,0,0,0,0,0,NA,"R","24",21,3,0,0,0,0,0,0,0,86,"R472C12",281875.3508656,4870653.944523,c(281875.35086561, 4870653.94452375)
"310","86R472C14",6,8,5,7,7,0,0,0,0,0,0,0,0,0,0,0,0,0,0,0,0,0,0,0,0,0,0,0,0,0,0,0,0,0,0,0,0,0,0,0,0,NA,"R","33",19,7,7,0,0,0,0,0,0,86,"R472C14",281880.1894873,4870645.383592,c(281880.18948733, 4870645.38359264)
"311","86R472C16",3,4,2,1,3,0,0,0,0,0,0,32,19,0,0,0,0,0,0,0,0,0,0,0,0,0,0,0,0,0,0,0,0,0,0,0,0,0,0,0,0,NA,"RF","64",9,1,3,51,0,0,0,0,0,86,"R472C16",281885.0281091,4870636.822661,c(281885.02810905, 4870636.82266152)
"312","86R472C18",4,3,4,0,0,0,0,0,0,0,0,0,0,0,0,0,0,0,0,0,0,0,0,0,0,0,0,0,0,0,0,0,0,0,0,0,0,0,0,0,0,NA,"R","11",11,0,0,0,0,0,0,0,0,86,"R472C18",281889.8667308,4870628.26173,c(281889.86673077, 4870628.26173041)
"313","86R474C12",3.5,3.5,8.5,6,10.5,18,0,0,0,0,0,0,0,0,0,0,0,0,0,0,0,0,0,0,0,0,0,0,0,0,0,0,0,0,0,0,0,0,0,0,0,NA,"R","50",15.5,6,10.5,18,0,0,0,0,0,86,"R474C12",281883.3776342,4870658.684846,c(281883.37763419, 4870658.68484635)
"314","86R474C14",4,8,18,0,0,31,0,0,0,0,0,0,0,0,0,0,0,0,0,0,0,0,0,0,0,0,0,0,0,0,0,0,0,0,0,0,0,0,0,0,0,NA,"R","61",30,0,0,31,0,0,0,0,0,86,"R474C14",281888.2107444,4870650.272497,c(281888.21074437, 4870650.27249705)
"315","86R474C16",4,4,5,0,36,0,16,0,0,0,0,0,0,0,0,0,0,0,0,0,0,0,0,0,0,0,0,0,0,0,0,0,0,0,0,0,0,0,0,0,0,NA,"R","65",13,0,36,0,0,0,0,16,0,86,"R474C16",281893.0438546,4870641.860147,c(281893.04385455, 4870641.86014775)
"316","86R474C18",4,4,3,26,0,0,0,0,0,0,0,0,0,0,0,0,0,0,0,0,0,0,0,0,0,0,0,0,0,0,0,0,0,0,0,0,0,0,0,0,0,NA,"R","37",11,26,0,0,0,0,0,0,0,86,"R474C18",281897.8769647,4870633.447798,c(281897.87696473, 4870633.44779845)
"317","86R474C20",4,6,12,0,10,0,0,0,0,0,0,0,0,0,0,0,0,0,0,0,0,0,0,0,0,0,0,0,0,0,0,0,0,0,0,0,0,0,0,0,0,NA,"R","32",22,0,10,0,0,0,0,0,0,86,"R474C20",281902.7100749,4870625.035449,c(281902.71007491, 4870625.03544915)
"318","86R476C12",5,6,10,11,39,0,0,0,0,0,0,0,0,0,0,0,10,0,0,0,0,0,0,0,0,0,0,0,0,0,0,0,0,0,0,0,0,0,0,0,0,NA,"R","81",21,11,39,0,0,0,0,10,0,86,"R476C12",281891.2974414,4870664.004062,c(281891.297441445, 4870664.0040621)
"319","86R476C14",3,2,2,4,4,41,0,0,0,0,0,0,0,0,0,0,0,0,0,0,0,0,0,0,0,0,0,0,0,0,0,0,0,0,0,0,0,0,0,0,0,NA,"R","56",7,4,4,41,0,0,0,0,0,86,"R476C14",281896.3315613,4870655.516049,c(281896.331561335, 4870655.51604941)
"320","86R476C16",5,6,5,7,0,0,0,0,0,0,0,0,0,0,0,0,0,0,0,0,0,0,0,0,0,0,0,0,0,0,0,0,0,0,0,0,0,0,0,0,0,NA,"R","23",16,7,0,0,0,0,0,0,0,86,"R476C16",281901.3656812,4870647.028036,c(281901.365681225, 4870647.02803672)
"321","86R476C18",4,7,3,1,0,0,0,0,0,0,0,0,0,0,0,0,0,0,0,0,0,0,0,0,0,0,0,0,0,0,0,0,0,0,0,0,0,0,0,0,0,NA,"R","15",14,1,0,0,0,0,0,0,0,86,"R476C18",281906.3998011,4870638.540024,c(281906.399801115, 4870638.54002403)
"322","86R476C20",5,4,6,1,0,0,12,0,0,0,0,33,8,0,0,0,0,0,0,0,0,0,0,0,0,0,0,0,0,0,0,0,0,0,0,0,0,0,0,0,0,NA,"R","69",15,1,0,41,0,0,0,12,0,86,"R476C20",281911.433921,4870630.052011,c(281911.433921005, 4870630.05201134)
"323","86R478C12",5,6,12,0,13,0,0,0,0,0,0,0,0,0,0,0,0,0,0,0,0,0,0,0,0,0,0,0,0,0,0,0,0,0,0,0,0,0,0,0,0,NA,"R","36",23,0,13,0,0,0,0,0,0,86,"R478C12",281899.2172487,4870669.323277,c(281899.2172487, 4870669.32327786)
"324","86R478C14",4,4,8,5,21,0,0,0,0,0,0,0,0,0,0,0,9,0,0,0,0,0,0,0,0,0,0,0,0,0,0,0,0,0,0,0,0,0,0,0,0,NA,"R","51",16,5,21,0,0,0,0,9,0,86,"R478C14",281904.4523783,4870660.759601,c(281904.4523783, 4870660.75960178)
"325","86R478C16",5,4,7,12,0,0,0,0,0,0,0,0,0,0,0,0,0,0,0,0,0,0,0,0,0,0,0,0,0,0,0,0,0,0,0,0,0,0,0,0,0,NA,"R","28",16,12,0,0,0,0,0,0,0,86,"R478C16",281909.6875079,4870652.195925,c(281909.6875079, 4870652.1959257)
"326","86R478C18",3,11,3,0,0,0,0,0,0,0,0,0,0,0,0,0,0,0,0,0,0,0,0,0,0,0,0,0,0,0,0,0,0,0,0,0,0,0,0,0,0,NA,"R","17",17,0,0,0,0,0,0,0,0,86,"R478C18",281914.9226375,4870643.632249,c(281914.9226375, 4870643.63224962)
"327","86R478C20",1,1,7,0,0,0,0,0,0,0,0,0,0,0,0,0,0,0,0,0,0,0,0,0,0,0,0,0,0,0,0,0,0,0,0,0,0,0,0,0,0,NA,"R","9",9,0,0,0,0,0,0,0,0,86,"R478C20",281920.1577671,4870635.068573,c(281920.1577671, 4870635.06857354)
"328","86R480C12",5,11,8,5,0,0,13,0,0,0,0,0,0,7,12,0,0,0,0,0,0,0,0,0,0,0,0,0,0,0,0,0,0,0,0,0,0,0,0,0,0,NA,"R","61",24,5,19,0,0,0,0,13,0,86,"R480C12",281906.9981243,4870672.316867,c(281906.99812426, 4870672.31686787)
"329","86R480C14",4,5,3,3,4,33,30,0,0,0,0,0,0,0,0,11,0,0,0,0,0,0,0,0,0,0,0,0,0,0,0,0,0,0,0,0,0,0,0,0,0,NA,"BC","93",12,3,4,33,11,0,0,30,0,86,"R480C14",281912.3194164,4870664.204772,c(281912.31941638, 4870664.2047728)
"330","86R480C16",4,6,13,2,0,0,0,0,0,0,0,0,0,0,0,0,0,0,0,0,0,0,0,0,0,0,0,0,0,0,0,0,0,0,0,0,0,0,0,0,0,NA,"R","25",23,2,0,0,0,0,0,0,0,86,"R480C16",281917.6407085,4870656.092677,c(281917.6407085, 4870656.09267773)
"331","86R480C18",5,8,21,0,0,0,0,0,0,0,0,0,0,0,0,0,0,0,0,0,0,0,0,0,0,0,0,0,0,0,0,0,0,0,0,0,0,0,0,0,0,NA,"R","34",34,0,0,0,0,0,0,0,0,86,"R480C18",281922.9620006,4870647.980582,c(281922.96200062, 4870647.98058266)
"332","86R480C20",8,20,9,4,0,0,0,0,0,0,0,0,0,0,0,0,0,0,0,0,0,0,0,0,0,0,0,0,0,0,0,0,0,0,0,0,0,0,0,0,0,NA,"R","41",37,4,0,0,0,0,0,0,0,86,"R480C20",281928.2832927,4870639.868487,c(281928.28329274, 4870639.86848759)
"333","86R482C12",5,11,8,0,9,29,9,32,0,0,0,0,0,0,0,0,0,0,0,0,0,0,0,0,0,0,0,0,0,0,0,0,0,0,0,0,0,0,0,0,0,NA,"C","103",24,0,9,29,0,0,0,9,0,86,"R482C12",281914.7789998,4870675.310457,c(281914.77899982, 4870675.31045787)
"334","86R482C14",4,6,18,1,0,0,0,0,0,0,0,0,0,0,0,0,0,0,0,0,0,0,0,0,0,0,0,0,0,0,0,0,0,0,0,0,0,0,0,0,0,NA,"R","29",28,1,0,0,0,0,0,0,0,86,"R482C14",281920.1864545,4870667.649943,c(281920.18645446, 4870667.64994381)
"335","86R482C16",2,5,7,0,0,0,0,0,0,0,0,0,0,0,0,0,0,0,0,0,0,0,0,0,0,0,0,0,0,0,0,0,0,0,0,0,0,0,0,0,0,NA,"R","14",14,0,0,0,0,0,0,0,0,86,"R482C16",281925.5939091,4870659.989429,c(281925.5939091, 4870659.98942975)
"336","86R482C18",3,3,18,0,11,0,0,0,0,0,0,0,0,0,0,0,0,0,0,0,0,0,0,0,0,0,0,0,0,0,0,0,0,0,0,0,0,0,0,0,0,NA,"R","35",24,0,11,0,0,0,0,0,0,86,"R482C18",281931.0013637,4870652.328915,c(281931.00136374, 4870652.32891569)
"337","86R482C20",3,6,5,0,0,0,0,0,0,0,0,0,0,0,0,0,0,0,0,0,0,0,0,0,0,0,0,0,0,0,0,0,0,0,0,0,0,0,0,0,0,NA,"R","14",14,0,0,0,0,0,0,0,0,86,"R482C20",281936.4088184,4870644.668401,c(281936.40881838, 4870644.66840163)
"338","86R484C12",4,6,8,0,0,7,0,0,0,0,0,0,0,15,33,0,0,0,0,0,0,0,0,0,0,0,0,0,0,0,0,0,0,0,0,0,0,0,0,0,0,NA,"R","73",18,0,48,7,0,0,0,0,0,86,"R484C12",281921.9856086,4870681.537874,c(281921.98560858, 4870681.53787422)
"339","86R484C14",7,4,3,0,39,0,0,0,0,0,0,0,0,0,0,0,0,0,0,0,0,0,0,0,0,0,0,0,0,0,0,0,0,0,0,0,0,0,0,0,0,NA,"R","53",14,0,39,0,0,0,0,0,0,86,"R484C14",281927.1220465,4870673.033941,c(281927.12204654, 4870673.03394136)
"340","86R484C16",2,5,7,0,0,0,0,0,0,0,0,0,0,0,0,0,0,0,0,0,0,0,0,0,0,0,0,0,0,0,0,0,0,0,0,0,0,0,0,0,0,NA,"R","14",14,0,0,0,0,0,0,0,0,86,"R484C16",281932.2584845,4870664.530008,c(281932.2584845, 4870664.5300085)
"341","86R484C18",4,2,2,2,0,0,0,0,0,0,0,0,0,3,9,0,0,0,0,0,0,0,0,0,0,0,0,0,0,0,0,0,0,0,0,0,0,0,0,0,0,NA,"R","22",8,2,12,0,0,0,0,0,0,86,"R484C18",281937.3949225,4870656.026075,c(281937.39492246, 4870656.02607564)
"342","86R484C20",4,4,9,2,4,58,0,0,0,0,0,0,0,0,0,0,0,0,0,0,0,0,0,0,0,0,0,0,0,0,0,0,0,0,0,0,0,0,0,0,0,NA,"R","81",17,2,4,58,0,0,0,0,0,86,"R484C20",281942.5313604,4870647.522142,c(281942.53136042, 4870647.52214278)
"343","86R486C12",4,6,2,2,7,0,0,0,0,20,0,0,0,0,0,0,0,0,0,0,0,0,0,0,0,0,0,0,0,0,0,0,0,0,0,0,0,0,0,0,0,NA,"R","41",12,2,7,0,0,0,0,0,0,86,"R486C12",281929.1922173,4870687.76529,c(281929.19221734, 4870687.76529057)
"344","86R486C14",4,4,4,5,0,0,17,0,0,4,0,0,0,0,0,0,0,0,0,0,0,0,0,0,0,0,0,0,0,0,0,0,0,0,0,0,0,0,0,0,0,NA,"R","38",12,5,0,0,0,0,0,17,0,86,"R486C14",281934.0576386,4870678.417938,c(281934.05763862, 4870678.41793891)
"345","86R486C16",4,4,18,2,6,9,8,0,0,0,0,0,0,0,0,0,0,0,0,0,0,0,0,0,0,0,0,0,0,0,0,0,0,0,0,0,0,0,0,0,0,NA,"R","51",26,2,6,9,0,0,0,8,0,86,"R486C16",281938.9230599,4870669.070587,c(281938.923059899, 4870669.07058725)
"346","86R486C18",4,2,2,1,4,22,0,0,0,0,0,0,0,0,0,0,0,0,0,0,0,0,0,0,0,0,0,0,0,0,0,0,0,0,0,0,0,0,0,0,0,NA,"R","35",8,1,4,22,0,0,0,0,0,86,"R486C18",281943.7884812,4870659.723235,c(281943.78848118, 4870659.72323559)
"347","86R486C20",3,2.5,7,3,0,0,0,0,0,0,0,0,0,3.5,19,0,0,0,0,0,0,0,0,0,0,0,0,0,0,0,0,0,0,0,0,0,0,0,0,0,0,NA,"R","38",12.5,3,22.5,0,0,0,0,0,0,86,"R486C20",281948.6539025,4870650.375883,c(281948.65390246, 4870650.37588393)
"348","86R488C12",4,8,11,14,0,0,0,0,0,0,0,0,0,0,0,0,0,0,0,0,0,0,0,0,0,0,0,0,0,0,0,0,0,0,0,0,0,0,0,0,0,NA,"R","37",23,14,0,0,0,0,0,0,0,86,"R488C12",281937.1382722,4870691.646217,c(281937.138272155, 4870691.64621779)
"349","86R488C14",3,4,5,0,0,0,0,0,0,0,0,0,0,0,0,0,0,0,0,0,0,0,0,0,0,0,0,0,0,0,0,0,0,0,0,0,0,0,0,0,0,NA,"R","12",12,0,0,0,0,0,0,0,0,86,"R488C14",281942.1288826,4870682.679365,c(281942.128882565, 4870682.67936537)
"350","86R488C16",5,9,7,0,0,0,0,0,0,0,0,0,0,0,0,0,0,0,0,0,0,0,0,0,0,0,0,0,0,0,0,0,0,0,0,0,0,0,0,0,0,NA,"R","21",21,0,0,0,0,0,0,0,0,86,"R488C16",281947.119493,4870673.712513,c(281947.119492976, 4870673.71251295)
"351","86R488C18",4,5,8,0,1,0,0,0,0,0,0,0,0,0,0,0,0,0,0,0,0,0,0,0,0,0,0,0,0,0,0,0,0,0,0,0,0,0,0,0,0,NA,"R","18",17,0,1,0,0,0,0,0,0,86,"R488C18",281952.1101034,4870664.74566,c(281952.110103385, 4870664.74566053)
"352","86R488C20",4,4,3,0,0,0,0,0,0,0,0,0,0,29,13,0,0,0,0,0,0,0,0,0,0,0,0,0,0,0,0,0,0,0,0,0,0,0,0,0,0,NA,"R","53",11,0,42,0,0,0,0,0,0,86,"R488C20",281957.1007138,4870655.778808,c(281957.100713795, 4870655.77880811)
"353","86R490C12",6,8,8,0,0,0,0,0,0,0,0,0,0,0,0,0,0,0,0,0,0,0,0,0,0,0,0,0,0,0,0,0,0,0,0,0,0,0,0,0,0,NA,"R","22",22,0,0,0,0,0,0,0,0,86,"R490C12",281945.084327,4870695.527145,c(281945.08432697, 4870695.52714501)
"354","86R490C14",4,19,7,2,0,0,0,0,0,0,0,0,0,0,0,0,0,0,0,0,0,0,0,0,0,0,0,0,0,0,0,0,0,0,0,0,0,0,0,0,0,NA,"R","32",30,2,0,0,0,0,0,0,0,86,"R490C14",281950.2001265,4870686.940791,c(281950.20012651, 4870686.94079183)
"355","86R490C16",2,6,2,0,22,0,0,0,0,0,0,0,0,0,0,0,0,0,0,0,0,0,0,0,0,0,0,0,0,0,0,0,0,0,0,0,0,0,0,0,0,NA,"R","32",10,0,22,0,0,0,0,0,0,86,"R490C16",281955.3159261,4870678.354438,c(281955.31592605, 4870678.35443865)
"356","86R490C18",2,4,3,0,0,0,0,0,0,0,0,0,0,0,0,0,0,0,0,0,0,0,0,0,0,0,0,0,0,0,0,0,0,0,0,0,0,0,0,0,0,NA,"R","9",9,0,0,0,0,0,0,0,0,86,"R490C18",281960.4317256,4870669.768085,c(281960.43172559, 4870669.76808547)
"357","86R490C20",4,2,7,2,0,0,0,0,0,0,0,0,0,0,0,0,0,0,0,0,0,0,0,0,0,0,0,0,0,0,0,0,0,0,0,0,0,0,0,0,0,NA,"R","15",13,2,0,0,0,0,0,0,0,86,"R490C20",281965.5475251,4870661.181732,c(281965.54752513, 4870661.18173229)
"358","86R492C12",5,8,4,0,0,0,0,0,0,0,0,0,0,0,0,0,0,0,0,0,0,0,0,0,0,0,0,0,0,0,0,0,0,0,0,0,0,0,0,0,0,NA,"R","17",17,0,0,0,0,0,0,0,0,86,"R492C12",281953.7375079,4870701.781741,c(281953.73750786, 4870701.78174163)
"359","86R492C14",1,9,6,4,32,0,0,8,0,0,0,0,0,0,0,0,0,0,0,0,0,0,0,0,0,0,0,0,0,0,0,0,0,0,0,0,0,0,0,0,0,NA,"R","60",16,4,32,0,0,0,0,0,0,86,"R492C14",281958.5091846,4870692.9979,c(281958.509184581, 4870692.99790029)
"360","86R492C16",3,11,3,0,0,0,0,0,0,0,0,0,0,36,18,0,0,0,0,0,0,0,0,0,0,0,0,0,0,0,0,0,0,0,0,0,0,0,0,0,0,NA,"R","71",17,0,54,0,0,0,0,0,0,86,"R492C16",281963.2808613,4870684.214059,c(281963.2808613, 4870684.21405895)
"361","86R492C18",4,2,6,8,9,0,0,0,0,0,0,0,0,0,0,0,0,0,0,0,0,0,0,0,0,0,0,0,0,0,0,0,0,0,0,0,0,0,0,0,0,NA,"R","29",12,8,9,0,0,0,0,0,0,86,"R492C18",281968.052538,4870675.430217,c(281968.05253802, 4870675.43021761)
"362","86R492C20",1,2,5,3,29,15,27,0,0,0,0,0,0,0,0,0,0,0,0,0,0,0,0,0,0,0,0,0,0,0,0,0,0,0,0,0,0,0,0,0,0,NA,"R","82",8,3,29,15,0,0,0,27,0,86,"R492C20",281972.8242147,4870666.646376,c(281972.82421474, 4870666.64637627)
"363","86R494C12",2,5,15,0,0,0,0,0,0,0,0,0,0,0,0,0,0,0,0,0,0,0,0,0,0,0,0,0,0,0,0,0,0,0,0,0,0,0,0,0,0,NA,"R","22",22,0,0,0,0,0,0,0,0,86,"R494C12",281961.9672633,4870706.058567,c(281961.967263344, 4870706.05856715)
"364","86R494C14",3,3,1,6,4,20,21,0,0,0,0,0,0,0,0,0,0,0,0,0,0,0,0,0,0,0,0,0,0,0,0,0,0,0,0,0,0,0,0,0,0,NA,"RF","58",7,6,4,20,0,0,0,21,0,86,"R494C14",281966.9374928,4870697.470318,c(281966.937492833, 4870697.47031845)
"365","86R494C16",3,4,4,0,0,0,0,0,0,0,0,0,0,19,16,0,0,0,0,0,0,0,0,0,0,0,0,0,0,0,0,0,0,0,0,0,0,0,0,0,0,NA,"R","46",11,0,35,0,0,0,0,0,0,86,"R494C16",281971.9077223,4870688.882069,c(281971.907722321, 4870688.88206975)
"366","86R494C18",2,5,7,6,0,0,0,0,0,0,0,0,0,7,12,0,0,0,0,0,0,0,0,0,0,0,0,0,0,0,0,0,0,0,0,0,0,0,0,0,0,NA,"R","39",14,6,19,0,0,0,0,0,0,86,"R494C18",281976.8779518,4870680.293821,c(281976.877951809, 4870680.29382104)
"367","86R494C20",2,10,6,3,23,0,0,0,0,0,0,0,0,0,0,0,0,0,0,0,0,0,0,0,0,0,0,0,0,0,0,0,0,0,0,0,0,0,0,0,0,NA,"R","44",18,3,23,0,0,0,0,0,0,86,"R494C20",281981.7317985,4870671.760945,c(281981.731798531, 4870671.76094589)
"368","86R496C12",1.5,5.5,18,2,30,0,0,0,0,0,0,0,0,0,0,0,0,0,0,0,0,0,0,0,0,0,0,0,0,0,0,0,0,0,0,0,0,0,0,0,0,NA,"RF","57",25,2,30,0,0,0,0,0,0,86,"R496C12",281970.1970188,4870710.335392,c(281970.197018829, 4870710.33539267)
"369","86R496C14",2,8,4,0,0,0,0,0,0,0,0,0,0,5,14,0,0,0,0,0,0,0,0,0,0,0,0,0,0,0,0,0,0,0,0,0,0,0,0,0,0,NA,"R","33",14,0,19,0,0,0,0,0,0,86,"R496C14",281975.3658011,4870701.942736,c(281975.365801085, 4870701.94273661)
"370","86R496C16",3,4,20,0,0,0,0,0,0,0,0,0,0,0,0,0,0,0,0,0,0,0,0,0,0,0,0,0,0,0,0,0,0,0,0,0,0,0,0,0,0,NA,"R","27",27,0,0,0,0,0,0,0,0,86,"R496C16",281980.5345833,4870693.55008,c(281980.534583342, 4870693.55008054)
"371","86R496C18",2,6,7,20,0,0,0,0,0,0,0,0,0,0,0,0,0,0,0,0,0,0,0,0,0,0,0,0,0,0,0,0,0,0,0,0,0,0,0,0,0,NA,"R","35",15,20,0,0,0,0,0,0,0,86,"R496C18",281985.7033656,4870685.157424,c(281985.703365599, 4870685.15742448)
"372","86R496C20",3,3,5,8,10,0,0,0,0,0,0,0,0,0,0,0,0,0,0,0,0,0,0,0,0,0,0,0,0,0,0,0,0,0,0,0,0,0,0,0,0,NA,"R","29",11,8,10,0,0,0,0,0,0,86,"R496C20",281990.6608827,4870676.665164,c(281990.660882705, 4870676.66516412)
"373","86R498C12",3,3,9,2,2,6,36,0,0,0,0,0,0,0,0,0,0,0,0,0,0,0,0,0,0,0,0,0,0,0,0,0,0,0,0,0,0,0,0,0,0,NA,"BC","61",15,2,2,6,0,0,0,36,0,86,"R498C12",281978.4267743,4870714.612218,c(281978.426774313, 4870714.61221819)
"374","86R498C14",3,3,10,5,0,0,11,0,0,0,0,0,0,4,20,0,0,0,0,0,0,0,0,0,0,0,0,0,0,0,0,0,0,0,0,0,0,0,0,0,0,NA,"BC","56",16,5,24,0,0,0,0,11,0,86,"R498C14",281983.7941093,4870706.415154,c(281983.794109337, 4870706.41515476)
"375","86R498C16",2,7,8,0,0,0,0,0,0,0,0,0,0,0,0,0,0,0,0,0,0,0,0,0,0,0,0,0,0,0,0,0,0,0,0,0,0,0,0,0,0,NA,"R","17",17,0,0,0,0,0,0,0,0,86,"R498C16",281989.1614444,4870698.218091,c(281989.161444363, 4870698.21809134)
"376","86R498C18",3,11,20,0,0,0,0,0,0,0,0,0,0,0,0,0,0,0,0,0,0,0,0,0,0,0,0,0,0,0,0,0,0,0,0,0,0,0,0,0,0,NA,"R","34",34,0,0,0,0,0,0,0,0,86,"R498C18",281994.5287794,4870690.021027,c(281994.528779388, 4870690.02102791)
"377","86R498C20",4,2,4,6,0,0,38,0,0,0,0,0,0,4,9,0,0,0,0,0,0,0,0,0,0,0,0,0,0,0,0,0,0,0,0,0,0,0,0,0,0,NA,"RF","67",10,6,13,0,0,0,0,38,0,86,"R498C20",281999.9485055,4870681.627044,c(281999.948505513, 4870681.6270448)
"378","86R500C10",3,10,8,0,0,0,0,0,0,0,0,0,0,0,0,0,0,0,0,0,0,0,0,0,0,0,0,0,0,0,0,0,0,0,0,0,0,0,0,0,0,NA,"R","21",21,0,0,0,0,0,0,0,0,86,"R500C10",281982.4996317,4870727.835474,c(281982.499631667, 4870727.83547428)
"379","86R500C11",2,4,7,13,0,40,10,3,0,0,0,0,0,0,0,0,0,0,0,0,0,0,0,0,0,0,0,0,0,0,0,0,0,0,0,0,0,0,0,0,0,NA,"R","84",13,13,0,40,0,0,0,10,0,86,"R500C11",281985.3470032,4870723.787162,c(281985.347003233, 4870723.78716196)
"380","86R500C12",4,8,6,2,4,15,33,0,0,0,0,0,0,0,0,0,0,0,0,0,0,0,0,0,0,0,0,0,0,0,0,0,0,0,0,0,0,0,0,0,0,NA,"BC","72",18,2,4,15,0,0,0,33,0,86,"R500C12",281988.1943748,4870719.738849,c(281988.1943748, 4870719.73884963)
"381","86R500C13",4,5,3,1,2,2,85,0,0,0,0,0,0,0,0,0,0,0,0,0,0,0,0,0,0,0,0,0,0,0,0,0,0,0,0,0,0,0,0,0,0,NA,"BC","102",12,1,2,2,0,0,0,85,0,86,"R500C13",281991.0417464,4870715.690537,c(281991.041746367, 4870715.69053731)
"382","86R500C14",2.5,2.5,9,5,6,19,0,0,0,0,0,0,0,0,0,0,0,0,0,0,0,0,0,0,0,0,0,0,0,0,0,0,0,0,0,0,0,0,0,0,0,NA,"RF","44",14,5,6,19,0,0,0,0,0,86,"R500C14",281993.8891179,4870711.642225,c(281993.889117933, 4870711.64222499)
"383","86R500C15",3,3,10,0,7,45,0,3,0,0,0,0,0,0,0,0,0,0,0,0,0,0,0,0,0,0,0,0,0,0,0,0,0,0,0,0,0,0,0,0,0,NA,"C","71",16,0,7,45,0,0,0,0,0,86,"R500C15",281996.7364895,4870707.593912,c(281996.7364895, 4870707.59391267)
"384","86R500C16",2,7,5,10,5,0,0,0,0,0,0,6,28,0,0,0,0,0,0,0,0,0,0,0,0,0,0,0,0,0,0,0,0,0,0,0,0,0,0,0,0,NA,"RF","63",14,10,5,34,0,0,0,0,0,86,"R500C16",281999.5838611,4870703.5456,c(281999.583861067, 4870703.54560034)
"385","86R500C17",4,3,4,8,0,0,25,0,0,0,0,0,0,4,5,0,0,0,0,0,0,0,0,0,0,0,0,0,0,0,0,0,0,0,0,0,0,0,0,0,0,NA,"RF","53",11,8,9,0,0,0,0,25,0,86,"R500C17",282002.4312326,4870699.497288,c(282002.431232633, 4870699.49728802)
"386","86R500C18",3,2,5,4,0,0,6,0,0,0,0,0,0,3,28,0,0,0,0,0,0,0,0,0,0,0,0,0,0,0,0,0,0,0,0,0,0,0,0,0,0,NA,"RF","51",10,4,31,0,0,0,0,6,0,86,"R500C18",282005.2786042,4870695.448975,c(282005.2786042, 4870695.4489757)
"387","86R500C9",1,12,0,0,0,0,0,0,0,0,0,0,0,0,0,0,0,0,0,0,0,0,0,0,0,0,0,0,0,0,0,0,0,0,0,0,0,0,0,0,0,NA,"R","13",13,0,0,0,0,0,0,0,0,86,"R500C9",281979.6522601,4870731.883786,c(281979.6522601, 4870731.8837866)
